[{"model": "menu.menucategory", "pk": "09d4bdba-2f18-49e5-bbcb-7a896efae91e", "fields": {"name": "Ceaiuri", "name_ro": "Ceaiuri", "name_en": "Tea", "name_ru": "Чай", "slug": "ceaiuri", "sort_order": 3, "is_active": true, "created_at": "2026-06-30T12:32:43.405Z", "updated_at": "2026-07-05T09:57:22.295Z"}}, {"model": "menu.menucategory", "pk": "17e12bd5-26e0-4de6-8fdc-737413654510", "fields": {"name": "Torturi și prăjituri", "name_ro": "Torturi și prăjituri", "name_en": "Cakes & Pastries", "name_ru": "Торты и пирожные", "slug": "torturi-si-prajituri", "sort_order": 5, "is_active": true, "created_at": "2026-06-30T12:32:43.448Z", "updated_at": "2026-07-05T09:59:04.293Z"}}, {"model": "menu.menucategory", "pk": "1e312174-8aba-4a61-bff9-02fe5e78cdd1", "fields": {"name": "Suplimente și extra", "name_ro": "Suplimente și extra", "name_en": "Add-ons & Extras", "name_ru": "Добавки и дополнения", "slug": "suplimente-si-extra", "sort_order": 14, "is_active": true, "created_at": "2026-06-30T12:32:43.564Z", "updated_at": "2026-07-05T10:07:58.619Z"}}, {"model": "menu.menucategory", "pk": "20698153-3363-4bb7-aeac-503ff4f874ba", "fields": {"name": "Milkshake-uri", "name_ro": "Milkshake-uri", "name_en": "Milkshakes", "name_ru": "Молочные коктейли", "slug": "milkshake-uri", "sort_order": 11, "is_active": true, "created_at": "2026-06-30T12:32:43.525Z", "updated_at": "2026-07-05T10:05:41.422Z"}}, {"model": "menu.menucategory", "pk": "212f4e0c-745e-4988-b074-7bf9a61b939b", "fields": {"name": "Băuturi alcoolice", "name_ro": "Băuturi alcoolice", "name_en": "Alcoholic Drinks", "name_ru": "Алкогольные напитки", "slug": "bauturi-alcoolice", "sort_order": 13, "is_active": true, "created_at": "2026-06-30T12:32:43.552Z", "updated_at": "2026-07-05T10:07:12.113Z"}}, {"model": "menu.menucategory", "pk": "34d213bf-ecd3-4b40-9144-745c4f69a4da", "fields": {"name": "Băuturi pe bază de espresso", "name_ro": "Băuturi pe bază de espresso", "name_en": "Espresso Drinks", "name_ru": "Напитки на основе эспрессо", "slug": "bauturi-pe-baza-de-espresso", "sort_order": 1, "is_active": true, "created_at": "2026-06-30T12:32:43.361Z", "updated_at": "2026-07-05T09:55:38.891Z"}}, {"model": "menu.menucategory", "pk": "35bd8a00-ed9e-4a77-aff6-a1927b39566d", "fields": {"name": "Supe", "name_ro": "Supe", "name_en": "Soups", "name_ru": "Супы", "slug": "supe", "sort_order": 9, "is_active": true, "created_at": "2026-06-30T12:32:43.510Z", "updated_at": "2026-07-05T10:02:39.240Z"}}, {"model": "menu.menucategory", "pk": "3b164d7a-5f74-4f96-b478-e6e008ca3e7e", "fields": {"name": "Băuturi reci", "name_ro": "Băuturi reci", "name_en": "Cold Drinks", "name_ru": "Холодные напитки", "slug": "bauturi-reci", "sort_order": 2, "is_active": true, "created_at": "2026-06-30T12:32:43.416Z", "updated_at": "2026-07-05T09:56:25.871Z"}}, {"model": "menu.menucategory", "pk": "4214fb4c-fb10-4989-a8be-04d4a73319d0", "fields": {"name": "Croissante și foietaje", "name_ro": "Croissante și foietaje", "name_en": "Croissants & Pastries", "name_ru": "Круассаны и выпечка", "slug": "croissante-si-foietaje", "sort_order": 4, "is_active": true, "created_at": "2026-06-30T12:32:43.428Z", "updated_at": "2026-07-05T09:58:10.709Z"}}, {"model": "menu.menucategory", "pk": "4f076d19-45fb-40e3-b5e6-13a65e75359f", "fields": {"name": "Mic dejun", "name_ro": "Mic dejun", "name_en": "Breakfast", "name_ru": "Завтрак", "slug": "mic-dejun", "sort_order": 6, "is_active": true, "created_at": "2026-06-30T12:32:43.474Z", "updated_at": "2026-07-05T10:00:54.833Z"}}, {"model": "menu.menucategory", "pk": "6298cfc5-dc45-4d1e-9b73-21197a62cca5", "fields": {"name": "Salate", "name_ro": "Salate", "name_en": "Salads", "name_ru": "Салаты", "slug": "salate", "sort_order": 8, "is_active": true, "created_at": "2026-06-30T12:32:43.500Z", "updated_at": "2026-07-05T10:02:14.826Z"}}, {"model": "menu.menucategory", "pk": "903d34d6-c026-485e-83d8-df4b56eb099c", "fields": {"name": "Sandvișuri", "name_ro": "Sandvișuri", "name_en": "Sandwiches", "name_ru": "Сэндвичи", "slug": "sandvisuri", "sort_order": 7, "is_active": true, "created_at": "2026-06-30T12:32:43.491Z", "updated_at": "2026-07-05T10:01:34.816Z"}}, {"model": "menu.menucategory", "pk": "b1692bf0-f516-42dc-a283-d3612cda757c", "fields": {"name": "Cafea filtru", "name_ro": "Cafea filtru", "name_en": "Filter Coffee", "name_ru": "Фильтр-кофе", "slug": "cafea-filtru", "sort_order": 0, "is_active": true, "created_at": "2026-06-30T12:32:43.392Z", "updated_at": "2026-07-05T09:54:35.103Z"}}, {"model": "menu.menucategory", "pk": "bbad774f-27cf-4a41-ba37-087015485ec6", "fields": {"name": "Ciocolată caldă & specialități", "name_ro": "Ciocolată caldă & specialități", "name_en": "Hot Chocolate & Specials", "name_ru": "Горячий шоколад и спецпредложения", "slug": "ciocolata-calda-specialitati", "sort_order": 10, "is_active": true, "created_at": "2026-06-30T12:32:43.516Z", "updated_at": "2026-07-05T10:05:10.764Z"}}, {"model": "menu.menucategory", "pk": "ea8bb333-7918-4029-9e91-9efc98440954", "fields": {"name": "Meniu copii", "name_ro": "Meniu copii", "name_en": "Kids Menu", "name_ru": "Детское меню", "slug": "meniu-copii", "sort_order": 12, "is_active": true, "created_at": "2026-06-30T12:32:43.537Z", "updated_at": "2026-07-05T10:06:12.958Z"}}, {"model": "menu.menuproduct", "pk": "092e5936-d703-4eda-8c48-8badc2e79e1f", "fields": {"category": "4214fb4c-fb10-4989-a8be-04d4a73319d0", "name": "Croissant cu migdale", "name_ro": "Croissant cu migdale", "name_en": "Almond Croissant", "name_ru": "Круассан с миндалём", "slug": "croissant-cu-migdale", "price": "35.00", "weight_g": 100, "short_description": "Cremă de migdale, fulgi de migdale.", "short_description_ro": "Cremă de migdale, fulgi de migdale.", "short_description_en": "Almond cream, almond flakes.", "short_description_ru": "Миндальный крем, миндальные хлопья.", "full_description": "<p>Croissant umplut cu cremă de migdale (frangipane) și acoperit cu fulgi de migdale prăjite și zahăr pudră.</p>", "full_description_ro": "<p>Croissant umplut cu cremă de migdale (frangipane) și acoperit cu fulgi de migdale prăjite și zahăr pudră.</p>", "full_description_en": "<p>Croissant filled with almond cream (frangipane) and topped with toasted almond flakes and powdered sugar.</p>", "full_description_ru": "<p>Круассан с миндальным кремом (франжипан), посыпанный обжаренными миндальными хлопьями и сахарной пудрой.</p>", "img_src": "menu/chocolate-almond-croissants-DSC_4863-1x1-1200.jpg", "alt_text": "Croissant cu migdale acoperit cu zahăr pudră", "alt_text_ro": "Croissant cu migdale acoperit cu zahăr pudră", "alt_text_en": "Almond croissant topped with powdered sugar", "alt_text_ru": "Миндальный круассан, посыпанный сахарной пудрой", "sort_order": 2, "is_active": true, "created_at": "2026-06-30T12:32:43.437Z", "updated_at": "2026-07-05T09:58:12.010Z"}}, {"model": "menu.menuproduct", "pk": "0d3ac12a-1e6e-4655-b7b7-c2bd07ddfaad", "fields": {"category": "3b164d7a-5f74-4f96-b478-e6e008ca3e7e", "name": "Smoothie de fructe de pădure", "name_ro": "Smoothie de fructe de pădure", "name_en": "Berry Smoothie", "name_ru": "Смузи из лесных ягод", "slug": "smoothie-de-fructe-de-padure", "price": "48.00", "weight_g": 350, "short_description": "Iaurt, fructe de pădure, miere.", "short_description_ro": "Iaurt, fructe de pădure, miere.", "short_description_en": "Yogurt, mixed berries, honey.", "short_description_ru": "Йогурт, лесные ягоды, мёд.", "full_description": "<p>Combinație cremoasă de iaurt grecesc, fructe de pădure congelate și miere naturală.</p>\r\n<ul>\r\n<li>Sursă bună de fibre</li>\r\n<li>Fără &icirc;ndulcitori artificiali</li>\r\n</ul>", "full_description_ro": "<p>Combinație cremoasă de iaurt grecesc, fructe de pădure congelate și miere naturală.</p>\r\n<ul>\r\n<li>Sursă bună de fibre</li>\r\n<li>Fără &icirc;ndulcitori artificiali</li>\r\n</ul>", "full_description_en": "<p>A creamy mix of Greek yogurt, frozen mixed berries and natural honey.</p>\r\n<ul>\r\n<li>Good source of fiber</li>\r\n<li>No artificial sweeteners</li>\r\n</ul>", "full_description_ru": "<p>Кремовое сочетание греческого йогурта, замороженных лесных ягод и натурального мёда.</p>\r\n<ul>\r\n<li>Хороший источник клетчатки</li>\r\n<li>Без искусственных подсластителей</li>\r\n</ul>", "img_src": "menu/frozen-berry-smoothie-4-1.jpg", "alt_text": "Pahar de smoothie violet cu fructe de pădure deasupra", "alt_text_ro": "Pahar de smoothie violet cu fructe de pădure deasupra", "alt_text_en": "Glass of purple smoothie topped with berries", "alt_text_ru": "Стакан фиолетового смузи с ягодами сверху", "sort_order": 3, "is_active": true, "created_at": "2026-06-30T12:32:43.426Z", "updated_at": "2026-07-05T09:56:27.216Z"}}, {"model": "menu.menuproduct", "pk": "14354c0a-c073-4c33-8146-83615e4f10c4", "fields": {"category": "20698153-3363-4bb7-aeac-503ff4f874ba", "name": "Milkshake de căpșuni", "name_ro": "Milkshake de căpșuni", "name_en": "Strawberry Milkshake", "name_ru": "Клубничный милкшейк", "slug": "milkshake-de-capsuni", "price": "48.00", "weight_g": 350, "short_description": "Căpșuni proaspete, înghețată, lapte.", "short_description_ro": "Căpșuni proaspete, înghețată, lapte.", "short_description_en": "Fresh strawberries, ice cream, milk.", "short_description_ru": "Свежая клубника, мороженое, молоко.", "full_description": "<p>Preparat din căpșuni proaspete blendate cu &icirc;nghețată de vanilie și lapte.</p>", "full_description_ro": "<p>Preparat din căpșuni proaspete blendate cu &icirc;nghețată de vanilie și lapte.</p>", "full_description_en": "<p>Made from fresh strawberries blended with vanilla ice cream and milk.</p>", "full_description_ru": "<p>Готовится из свежей клубники, взбитой с ванильным мороженым и молоком.</p>", "img_src": "menu/Strawberry-milkshake-frappuccino-featured.jpg", "alt_text": "Pahar de milkshake roz de căpșuni", "alt_text_ro": "Pahar de milkshake roz de căpșuni", "alt_text_en": "Glass of pink strawberry milkshake", "alt_text_ru": "Стакан розового клубничного милкшейка", "sort_order": 1, "is_active": true, "created_at": "2026-06-30T12:32:43.534Z", "updated_at": "2026-07-05T10:05:42.105Z"}}, {"model": "menu.menuproduct", "pk": "1abbe4e1-9300-4bfa-af09-d7dc47649388", "fields": {"category": "4f076d19-45fb-40e3-b5e6-13a65e75359f", "name": "Omletă cu legume", "name_ro": "Omletă cu legume", "name_en": "Vegetable Omelette", "name_ru": "Омлет с овощами", "slug": "omleta-cu-legume", "price": "60.00", "weight_g": 220, "short_description": "Omletă pufoasă cu legume proaspete.", "short_description_ro": "Omletă pufoasă cu legume proaspete.", "short_description_en": "Fluffy omelette with fresh vegetables.", "short_description_ru": "Пышный омлет со свежими овощами.", "full_description": "<p>Trei ouă, ardei, roșii, ceapă verde și br&acirc;nză, servite cu p&acirc;ine prăjită.</p>", "full_description_ro": "<p>Trei ouă, ardei, roșii, ceapă verde și br&acirc;nză, servite cu p&acirc;ine prăjită.</p>", "full_description_en": "<p>Three eggs, bell pepper, tomato, green onion and cheese, served with toast.</p>", "full_description_ru": "<p>Три яйца, перец, помидоры, зелёный лук и сыр, подаётся с тостом.</p>", "img_src": "menu/2024_retail_veggie-omelet_600x600.jpg", "alt_text": "Omletă cu legume colorate pe o farfurie", "alt_text_ro": "Omletă cu legume colorate pe o farfurie", "alt_text_en": "Vegetable omelette with colorful veggies on a plate", "alt_text_ru": "Овощной омлет с яркими овощами на тарелке", "sort_order": 0, "is_active": true, "created_at": "2026-06-30T12:32:43.480Z", "updated_at": "2026-07-05T10:00:55.230Z"}}, {"model": "menu.menuproduct", "pk": "1bf78445-2e86-4c42-801d-32e7b1023056", "fields": {"category": "bbad774f-27cf-4a41-ba37-087015485ec6", "name": "Chai Latte", "name_ro": "Chai Latte", "name_en": "Chai Latte", "name_ru": "Чай латте", "slug": "chai-latte", "price": "38.00", "weight_g": 250, "short_description": "Mix de condimente, ceai negru, lapte.", "short_description_ro": "Mix de condimente, ceai negru, lapte.", "short_description_en": "Spice blend, black tea, milk.", "short_description_ru": "Смесь специй, чёрный чай, молоко.", "full_description": "<p>Amestec aromat de scorțișoară, cardamom, ghimbir și cuișoare, infuzat cu ceai negru și lapte cald.</p>", "full_description_ro": "<p>Amestec aromat de scorțișoară, cardamom, ghimbir și cuișoare, infuzat cu ceai negru și lapte cald.</p>", "full_description_en": "<p>Aromatic blend of cinnamon, cardamom, ginger and clove, infused with black tea and steamed milk.</p>", "full_description_ru": "<p>Ароматная смесь корицы, кардамона, имбиря и гвоздики, заваренная с чёрным чаем и тёплым молоком.</p>", "img_src": "menu/Chai-latte-recette-facile-Lilie-Bakery.webp", "alt_text": "Cană de Chai Latte cu scorțișoară presărată deasupra", "alt_text_ro": "Cană de Chai Latte cu scorțișoară presărată deasupra", "alt_text_en": "Mug of Chai Latte sprinkled with cinnamon", "alt_text_ru": "Кружка чай латте, посыпанная корицей", "sort_order": 2, "is_active": true, "created_at": "2026-06-30T12:32:43.522Z", "updated_at": "2026-07-05T10:05:13.254Z"}}, {"model": "menu.menuproduct", "pk": "1e35b9eb-ff68-4568-915d-9a0b20936df2", "fields": {"category": "bbad774f-27cf-4a41-ba37-087015485ec6", "name": "Matcha Latte", "name_ro": "Matcha Latte", "name_en": "Matcha Latte", "name_ru": "Матча латте", "slug": "matcha-latte", "price": "42.00", "weight_g": 250, "short_description": "Pudră matcha japoneză, lapte cald.", "short_description_ro": "Pudră matcha japoneză, lapte cald.", "short_description_en": "Japanese matcha powder, steamed milk.", "short_description_ru": "Японская пудра матча, тёплое молоко.", "full_description": "<p>Matcha ceremonial din Japonia, amestecat cu lapte cald pentru o băutură cremoasă și bogată &icirc;n antioxidanți.</p>", "full_description_ro": "<p>Matcha ceremonial din Japonia, amestecat cu lapte cald pentru o băutură cremoasă și bogată &icirc;n antioxidanți.</p>", "full_description_en": "<p>Ceremonial-grade matcha from Japan, mixed with steamed milk for a creamy, antioxidant-rich drink.</p>", "full_description_ru": "<p>Церемониальная матча из Японии, смешанная с тёплым молоком &mdash; кремовый напиток, богатый антиоксидантами.</p>", "img_src": "menu/iced-matcha-latte.jpg", "alt_text": "Cană de Matcha Latte cu culoare verde intens", "alt_text_ro": "Cană de Matcha Latte cu culoare verde intens", "alt_text_en": "Mug of vivid green Matcha Latte", "alt_text_ru": "Кружка ярко-зелёного матча латте", "sort_order": 1, "is_active": true, "created_at": "2026-06-30T12:32:43.520Z", "updated_at": "2026-07-05T10:05:12.250Z"}}, {"model": "menu.menuproduct", "pk": "28462bf5-dcd1-4035-bbc8-ba94f7960856", "fields": {"category": "4f076d19-45fb-40e3-b5e6-13a65e75359f", "name": "Bol cu granola și fructe", "name_ro": "Bol cu granola și fructe", "name_en": "Granola & Fruit Bowl", "name_ru": "Боул с гранолой и фруктами", "slug": "bol-cu-granola-si-fructe", "price": "50.00", "weight_g": 280, "short_description": "Granola crocantă, iaurt, fructe proaspete.", "short_description_ro": "Granola crocantă, iaurt, fructe proaspete.", "short_description_en": "Crunchy granola, yogurt, fresh fruit.", "short_description_ru": "Хрустящая гранола, йогурт, свежие фрукты.", "full_description": "<p>Iaurt grecesc, granola preparată &icirc;n casă, fructe de sezon și miere.</p>", "full_description_ro": "<p>Iaurt grecesc, granola preparată &icirc;n casă, fructe de sezon și miere.</p>", "full_description_en": "<p>Greek yogurt, house-made granola, seasonal fruit and honey.</p>", "full_description_ru": "<p>Греческий йогурт, домашняя гранола, сезонные фрукты и мёд.</p>", "img_src": "menu/picture.webp", "alt_text": "Bol cu granola, iaurt și fructe colorate", "alt_text_ro": "Bol cu granola, iaurt și fructe colorate", "alt_text_en": "Bowl of granola, yogurt and colorful fruit", "alt_text_ru": "Боул с гранолой, йогуртом и яркими фруктами", "sort_order": 2, "is_active": true, "created_at": "2026-06-30T12:32:43.487Z", "updated_at": "2026-07-05T10:00:56.095Z"}}, {"model": "menu.menuproduct", "pk": "2a087413-581e-4444-aaab-c1fed13b2989", "fields": {"category": "bbad774f-27cf-4a41-ba37-087015485ec6", "name": "Ciocolată caldă", "name_ro": "Ciocolată caldă", "name_en": "Hot Chocolate", "name_ru": "Горячий шоколад", "slug": "ciocolata-calda", "price": "40.00", "weight_g": 250, "short_description": "Ciocolată belgiană topită, lapte cald.", "short_description_ro": "Ciocolată belgiană topită, lapte cald.", "short_description_en": "Melted Belgian chocolate, warm milk.", "short_description_ru": "Растопленный бельгийский шоколад, тёплое молоко.", "full_description": "<p>Preparată din ciocolată belgiană autentică topită direct &icirc;n lapte cald, fără pulbere de cacao.</p>", "full_description_ro": "<p>Preparată din ciocolată belgiană autentică topită direct &icirc;n lapte cald, fără pulbere de cacao.</p>", "full_description_en": "<p>Made from authentic Belgian chocolate melted directly into warm milk, no cocoa powder used.</p>", "full_description_ru": "<p>Готовится из настоящего бельгийского шоколада, растопленного прямо в тёплом молоке, без какао-порошка.</p>", "img_src": "menu/decadently-thick-hot-chocolate-square-31-735x735.jpg", "alt_text": "Cană de ciocolată caldă cu frișcă deasupra", "alt_text_ro": "Cană de ciocolată caldă cu frișcă deasupra", "alt_text_en": "Mug of hot chocolate topped with whipped cream", "alt_text_ru": "Кружка горячего шоколада со взбитыми сливками", "sort_order": 0, "is_active": true, "created_at": "2026-06-30T12:32:43.518Z", "updated_at": "2026-07-05T10:05:11.512Z"}}, {"model": "menu.menuproduct", "pk": "2b1d233a-41d3-4336-a3bf-d7d77d4def44", "fields": {"category": "212f4e0c-745e-4988-b074-7bf9a61b939b", "name": "Bere locală (0.5L)", "name_ro": "Bere locală (0.5L)", "name_en": "Local Beer (0.5L)", "name_ru": "Местное пиво (0.5л)", "slug": "bere-locala-05l", "price": "45.00", "weight_g": 500, "short_description": "Bere blondă, draft.", "short_description_ro": "Bere blondă, draft.", "short_description_en": "Draft lager.", "short_description_ru": "Светлое разливное пиво.", "full_description": "<p>Bere blondă draft de la o fabrică locală, servită rece, cu spumă fină.</p>", "full_description_ro": "<p>Bere blondă draft de la o fabrică locală, servită rece, cu spumă fină.</p>", "full_description_en": "<p>Draft lager from a local brewery, served cold with a fine head of foam.</p>", "full_description_ru": "<p>Светлое разливное пиво местной пивоварни, подаётся холодным с тонкой пенкой.</p>", "img_src": "menu/Dreher-Gold-Hungarian-Lager.webp", "alt_text": "Halbă de bere blondă cu spumă", "alt_text_ro": "Halbă de bere blondă cu spumă", "alt_text_en": "Pint of lager with foam head", "alt_text_ru": "Кружка светлого пива с пенкой", "sort_order": 2, "is_active": true, "created_at": "2026-06-30T12:32:43.559Z", "updated_at": "2026-07-05T10:07:13.272Z"}}, {"model": "menu.menuproduct", "pk": "33eedb35-d076-422e-9744-35e6b4b00c01", "fields": {"category": "35bd8a00-ed9e-4a77-aff6-a1927b39566d", "name": "Supă cremă de ciuperci", "name_ro": "Supă cremă de ciuperci", "name_en": "Cream of Mushroom Soup", "name_ru": "Грибной крем-суп", "slug": "supa-crema-de-ciuperci", "price": "48.00", "weight_g": 300, "short_description": "Ciuperci, smântână, pătrunjel.", "short_description_ro": "Ciuperci, smântână, pătrunjel.", "short_description_en": "Mushrooms, cream, parsley.", "short_description_ru": "Грибы, сливки, петрушка.", "full_description": "<p>Cremă catifelată din ciuperci champignon, cu un fond aromat și pătrunjel proaspăt tocat.</p>", "full_description_ro": "<p>Cremă catifelată din ciuperci champignon, cu un fond aromat și pătrunjel proaspăt tocat.</p>", "full_description_en": "<p>Velvety cream made from champignon mushrooms with a flavorful stock and freshly chopped parsley.</p>", "full_description_ru": "<p>Бархатистый крем-суп из шампиньонов на ароматном бульоне со свежей нарезанной петрушкой.</p>", "img_src": "menu/Mushroom-soup-cover-image-1-of-1.jpg", "alt_text": "Bol cu supă cremă de ciuperci", "alt_text_ro": "Bol cu supă cremă de ciuperci", "alt_text_en": "Bowl of mushroom cream soup", "alt_text_ru": "Тарелка грибного крем-супа", "sort_order": 1, "is_active": true, "created_at": "2026-06-30T12:32:43.514Z", "updated_at": "2026-07-05T10:02:39.983Z"}}, {"model": "menu.menuproduct", "pk": "36f09e8e-ecf1-4d05-9286-6f1ad8a8a2ef", "fields": {"category": "4214fb4c-fb10-4989-a8be-04d4a73319d0", "name": "Croissant cu ciocolată", "name_ro": "Croissant cu ciocolată", "name_en": "Chocolate Croissant", "name_ru": "Круассан с шоколадом", "slug": "croissant-cu-ciocolata", "price": "32.00", "weight_g": 90, "short_description": "Croissant umplut cu ciocolată belgiană.", "short_description_ro": "Croissant umplut cu ciocolată belgiană.", "short_description_en": "Croissant filled with Belgian chocolate.", "short_description_ru": "Круассан с начинкой из бельгийского шоколада.", "full_description": "<p>Foietaj cu unt, umplut cu două bastonașe de ciocolată belgiană de cea mai bună calitate.</p>", "full_description_ro": "<p>Foietaj cu unt, umplut cu două bastonașe de ciocolată belgiană de cea mai bună calitate.</p>", "full_description_en": "<p>Butter pastry filled with two sticks of premium Belgian chocolate.</p>", "full_description_ru": "<p>Слоёное тесто на масле с двумя палочками бельгийского шоколада высшего качества.</p>", "img_src": "menu/Easy-Chocolate-Croissant_IG-3.jpg", "alt_text": "Croissant cu ciocolată tăiat pe jumătate", "alt_text_ro": "Croissant cu ciocolată tăiat pe jumătate", "alt_text_en": "Chocolate croissant cut in half", "alt_text_ru": "Шоколадный круассан, разрезанный пополам", "sort_order": 1, "is_active": true, "created_at": "2026-06-30T12:32:43.433Z", "updated_at": "2026-07-05T09:58:11.541Z"}}, {"model": "menu.menuproduct", "pk": "3eb267d3-861d-48da-8214-d569287a559e", "fields": {"category": "b1692bf0-f516-42dc-a283-d3612cda757c", "name": "V60 Pour Over", "name_ro": "V60 Pour Over", "name_en": "V60 Pour Over", "name_ru": "V60 Пуровер", "slug": "v60-pour-over", "price": "45.00", "weight_g": 300, "short_description": "Cafea filtrată manual, gust curat.", "short_description_ro": "Cafea filtrată manual, gust curat.", "short_description_en": "Hand-poured filter coffee, clean taste.", "short_description_ru": "Кофе ручной фильтрации, чистый вкус.", "full_description": "<p>Preparare manuală folosind metoda V60, evidențiind notele florale și fructate ale boabelor.</p>\r\n<ol>\r\n<li>Boabe single-origin</li>\r\n<li>Măcinare medie</li>\r\n<li>Apă la 94&deg;C</li>\r\n</ol>", "full_description_ro": "<p>Preparare manuală folosind metoda V60, evidențiind notele florale și fructate ale boabelor.</p>\r\n<ol>\r\n<li>Boabe single-origin</li>\r\n<li>Măcinare medie</li>\r\n<li>Apă la 94&deg;C</li>\r\n</ol>", "full_description_en": "<p>Hand-brewed using the V60 method, highlighting the floral and fruity notes of the beans.</p>\r\n<ol>\r\n<li>Single-origin beans</li>\r\n<li>Medium grind</li>\r\n<li>Water at 94&deg;C</li>\r\n</ol>", "full_description_ru": "<p>Ручное приготовление методом V60, подчёркивающее цветочные и фруктовые ноты зёрен.</p>\r\n<ol>\r\n<li>Моносорт зёрен</li>\r\n<li>Средний помол</li>\r\n<li>Вода при 94&deg;C</li>\r\n</ol>", "img_src": "menu/Hario-V60-Ceramic-Pour-White-Over-Set_600x.webp", "alt_text": "Cafea V60 preparată manual cu filtru de hârtie", "alt_text_ro": "Cafea V60 preparată manual cu filtru de hârtie", "alt_text_en": "Hand-brewed V60 coffee with paper filter", "alt_text_ru": "Кофе V60 ручного приготовления с бумажным фильтром", "sort_order": 0, "is_active": true, "created_at": "2026-06-30T12:32:43.398Z", "updated_at": "2026-07-04T16:34:29.894Z"}}, {"model": "menu.menuproduct", "pk": "3f29116a-2054-40ff-b181-908621beac39", "fields": {"category": "34d213bf-ecd3-4b40-9144-745c4f69a4da", "name": "Cappuccino", "name_ro": "Cappuccino", "name_en": "Cappuccino", "name_ru": "Капучино", "slug": "cappuccino", "price": "35.00", "weight_g": 200, "short_description": "Espresso, lapte și spumă cremoasă.", "short_description_ro": "Espresso, lapte și spumă cremoasă.", "short_description_en": "Espresso, milk and creamy foam.", "short_description_ru": "Эспрессо, молоко и кремовая пена.", "full_description": "<p>Echilibru perfect &icirc;ntre <strong>espresso</strong>, lapte cald și spumă de lapte texturată.</p>\r\n<ul>\r\n<li>1/3 espresso</li>\r\n<li>1/3 lapte cald</li>\r\n<li>1/3 spumă</li>\r\n</ul>\r\n<p>Servit cu un design latte art simplu.</p>", "full_description_ro": "<p>Echilibru perfect &icirc;ntre <strong>espresso</strong>, lapte cald și spumă de lapte texturată.</p>\r\n<ul>\r\n<li>1/3 espresso</li>\r\n<li>1/3 lapte cald</li>\r\n<li>1/3 spumă</li>\r\n</ul>\r\n<p>Servit cu un design latte art simplu.</p>", "full_description_en": "<p>A perfect balance of <strong>espresso</strong>, steamed milk and textured milk foam.</p>\r\n<ul>\r\n<li>1/3 espresso</li>\r\n<li>1/3 steamed milk</li>\r\n<li>1/3 foam</li>\r\n</ul>\r\n<p>Served with simple latte art.</p>", "full_description_ru": "<p>Идеальный баланс <strong>эспрессо</strong>, тёплого молока и текстурированной молочной пены.</p>\r\n<ul>\r\n<li>1/3 эспрессо</li>\r\n<li>1/3 тёплое молоко</li>\r\n<li>1/3 пена</li>\r\n</ul>\r\n<p>Подаётся с простым латте-артом.</p>", "img_src": "menu/blog-cappuccino-at-home-without-machine-cover_07fd68f6-6fb9-4a51-b35e-a0fd94a2c2ca.webp", "alt_text": "Cappuccino cu desen latte art în formă de inimă", "alt_text_ro": "Cappuccino cu desen latte art în formă de inimă", "alt_text_en": "Cappuccino with heart-shaped latte art", "alt_text_ru": "Капучино с латте-артом в форме сердца", "sort_order": 4, "is_active": true, "created_at": "2026-06-30T12:32:43.380Z", "updated_at": "2026-07-05T09:55:40.641Z"}}, {"model": "menu.menuproduct", "pk": "4ea083c2-ea48-4237-ada3-f215e7826048", "fields": {"category": "09d4bdba-2f18-49e5-bbcb-7a896efae91e", "name": "Ceai de fructe", "name_ro": "Ceai de fructe", "name_en": "Fruit Tea", "name_ru": "Фруктовый чай", "slug": "ceai-de-fructe", "price": "25.00", "weight_g": 300, "short_description": "Amestec de fructe uscate și hibiscus.", "short_description_ro": "Amestec de fructe uscate și hibiscus.", "short_description_en": "Blend of dried fruits and hibiscus.", "short_description_ru": "Смесь сушёных фруктов и гибискуса.", "full_description": "<p>Un amestec colorat de mere, hibiscus, măceșe și coajă de portocală, fără cofeină.</p>", "full_description_ro": "<p>Un amestec colorat de mere, hibiscus, măceșe și coajă de portocală, fără cofeină.</p>", "full_description_en": "<p>A colorful blend of apple, hibiscus, rosehip and orange peel, caffeine-free.</p>", "full_description_ru": "<p>Яркая смесь яблока, гибискуса, шиповника и апельсиновой цедры, без кофеина.</p>", "img_src": "menu/Berry-Iced-Tea-3.jpg", "alt_text": "Pahar de ceai de fructe roșu intens", "alt_text_ro": "Pahar de ceai de fructe roșu intens", "alt_text_en": "Glass of deep red fruit tea", "alt_text_ru": "Стакан насыщенно-красного фруктового чая", "sort_order": 2, "is_active": true, "created_at": "2026-06-30T12:32:43.411Z", "updated_at": "2026-07-05T09:57:17.327Z"}}, {"model": "menu.menuproduct", "pk": "514362f1-84ae-43da-b3a2-c7f5b754a077", "fields": {"category": "ea8bb333-7918-4029-9e91-9efc98440954", "name": "Fursec cu ciocolată", "name_ro": "Fursec cu ciocolată", "name_en": "Chocolate Chip Cookie", "name_ru": "Печенье с шоколадной крошкой", "slug": "fursec-cu-ciocolata", "price": "20.00", "weight_g": 60, "short_description": "Fursec moale cu bucăți de ciocolată.", "short_description_ro": "Fursec moale cu bucăți de ciocolată.", "short_description_en": "Soft cookie with chocolate chunks.", "short_description_ru": "Мягкое печенье с кусочками шоколада.", "full_description": "<p>Fursec copt &icirc;n casă, cu textură moale la interior și bucăți generoase de ciocolată.</p>", "full_description_ro": "<p>Fursec copt &icirc;n casă, cu textură moale la interior și bucăți generoase de ciocolată.</p>", "full_description_en": "<p>House-baked cookie, soft on the inside with generous chocolate chunks.</p>", "full_description_ru": "<p>Домашнее печенье, мягкое внутри, с щедрыми кусочками шоколада.</p>", "img_src": "menu/Single-Serve-Chocolate-Chip-Cookie-Recipe-9874.jpg", "alt_text": "Fursec mare cu bucăți de ciocolată vizibile", "alt_text_ro": "Fursec mare cu bucăți de ciocolată vizibile", "alt_text_en": "Large cookie with visible chocolate chunks", "alt_text_ru": "Большое печенье с видимыми кусочками шоколада", "sort_order": 2, "is_active": true, "created_at": "2026-06-30T12:32:43.549Z", "updated_at": "2026-07-05T10:06:14.262Z"}}, {"model": "menu.menuproduct", "pk": "5657e44b-9eae-4463-9bd0-e6f9505b7db6", "fields": {"category": "ea8bb333-7918-4029-9e91-9efc98440954", "name": "Mini clătite", "name_ro": "Mini clătite", "name_en": "Mini Pancakes", "name_ru": "Мини-блинчики", "slug": "mini-clatite", "price": "40.00", "weight_g": 180, "short_description": "Clătite mici, sirop de arțar, fructe.", "short_description_ro": "Clătite mici, sirop de arțar, fructe.", "short_description_en": "Small pancakes, maple syrup, fruit.", "short_description_ru": "Маленькие блинчики, кленовый сироп, фрукты.", "full_description": "<p>Porție de mini clătite pufoase, servite cu sirop de arțar și fructe proaspete tăiate.</p>", "full_description_ro": "<p>Porție de mini clătite pufoase, servite cu sirop de arțar și fructe proaspete tăiate.</p>", "full_description_en": "<p>A portion of fluffy mini pancakes, served with maple syrup and fresh cut fruit.</p>", "full_description_ru": "<p>Порция пышных мини-блинчиков, подаётся с кленовым сиропом и нарезанными свежими фруктами.</p>", "img_src": "menu/muffin-mix-pancakes.jpg", "alt_text": "Stivă de mini clătite cu sirop și fructe", "alt_text_ro": "Stivă de mini clătite cu sirop și fructe", "alt_text_en": "Stack of mini pancakes with syrup and fruit", "alt_text_ru": "Стопка мини-блинчиков с сиропом и фруктами", "sort_order": 0, "is_active": true, "created_at": "2026-06-30T12:32:43.542Z", "updated_at": "2026-07-05T10:06:13.398Z"}}, {"model": "menu.menuproduct", "pk": "5c0bce66-634f-4e04-b322-0284cf5a55c8", "fields": {"category": "6298cfc5-dc45-4d1e-9b73-21197a62cca5", "name": "Salată cu quinoa", "name_ro": "Salată cu quinoa", "name_en": "Quinoa Salad", "name_ru": "Салат с киноа", "slug": "salata-cu-quinoa", "price": "62.00", "weight_g": 260, "short_description": "Quinoa, legume, năut, sos de lămâie.", "short_description_ro": "Quinoa, legume, năut, sos de lămâie.", "short_description_en": "Quinoa, vegetables, chickpeas, lemon dressing.", "short_description_ru": "Киноа, овощи, нут, лимонная заправка.", "full_description": "<p>Salată sățioasă, vegană, cu quinoa, năut, ardei, morcov și sos de lăm&acirc;ie cu ierburi.</p>", "full_description_ro": "<p>Salată sățioasă, vegană, cu quinoa, năut, ardei, morcov și sos de lăm&acirc;ie cu ierburi.</p>", "full_description_en": "<p>Hearty vegan salad with quinoa, chickpeas, bell pepper, carrot and lemon-herb dressing.</p>", "full_description_ru": "<p>Сытный веганский салат с киноа, нутом, перцем, морковью и лимонно-травяной заправкой.</p>", "img_src": "menu/corn-quinoa-and-edamame-salad-with-cucumber-and-mint.jpg", "alt_text": "Bol cu salată de quinoa colorată", "alt_text_ro": "Bol cu salată de quinoa colorată", "alt_text_en": "Bowl of colorful quinoa salad", "alt_text_ru": "Боул с ярким салатом из киноа", "sort_order": 2, "is_active": true, "created_at": "2026-06-30T12:32:43.508Z", "updated_at": "2026-07-05T10:02:16.218Z"}}, {"model": "menu.menuproduct", "pk": "72fcb48f-d917-43a4-96e5-605cb97af8a8", "fields": {"category": "3b164d7a-5f74-4f96-b478-e6e008ca3e7e", "name": "Suc proaspăt de portocale", "name_ro": "Suc proaspăt de portocale", "name_en": "Fresh Orange Juice", "name_ru": "Свежевыжатый апельсиновый сок", "slug": "suc-proaspat-de-portocale", "price": "45.00", "weight_g": 300, "short_description": "Stors la comandă, 100% natural.", "short_description_ro": "Stors la comandă, 100% natural.", "short_description_en": "Squeezed to order, 100% natural.", "short_description_ru": "Отжимается под заказ, 100% натуральный.", "full_description": "<p>Suc proaspăt stors din portocale selectate, fără zahăr adăugat.</p>", "full_description_ro": "<p>Suc proaspăt stors din portocale selectate, fără zahăr adăugat.</p>", "full_description_en": "<p>Fresh juice squeezed from selected oranges, no added sugar.</p>", "full_description_ru": "<p>Свежий сок из отборных апельсинов, без добавления сахара.</p>", "img_src": "menu/orange-juice.png", "alt_text": "Pahar de suc de portocale proaspăt cu portocale alături", "alt_text_ro": "Pahar de suc de portocale proaspăt cu portocale alături", "alt_text_en": "Glass of fresh orange juice with oranges beside it", "alt_text_ru": "Стакан свежего апельсинового сока с апельсинами рядом", "sort_order": 2, "is_active": true, "created_at": "2026-06-30T12:32:43.423Z", "updated_at": "2026-07-05T09:56:26.911Z"}}, {"model": "menu.menuproduct", "pk": "798e09a2-b0d4-42db-bc87-4f59671395b4", "fields": {"category": "34d213bf-ecd3-4b40-9144-745c4f69a4da", "name": "Flat White", "name_ro": "Flat White", "name_en": "Flat White", "name_ru": "Флэт Уайт", "slug": "flat-white", "price": "36.00", "weight_g": 180, "short_description": "Espresso dublu cu lapte microspumat.", "short_description_ro": "Espresso dublu cu lapte microspumat.", "short_description_en": "Double espresso with microfoam milk.", "short_description_ru": "Двойной эспрессо с микропенным молоком.", "full_description": "<p>Originar din Australia/Noua Zeelandă, Flat White folosește un espresso dublu și lapte cu microspumă fină, oferind un gust de cafea mai pronunțat dec&acirc;t latte.</p>", "full_description_ro": "<p>Originar din Australia/Noua Zeelandă, Flat White folosește un espresso dublu și lapte cu microspumă fină, oferind un gust de cafea mai pronunțat dec&acirc;t latte.</p>", "full_description_en": "<p>Originating from Australia/New Zealand, the Flat White uses a double espresso and finely textured microfoam milk, giving a stronger coffee flavor than a latte.</p>", "full_description_ru": "<p>Родом из Австралии/Новой Зеландии, Флэт Уайт готовится из двойного эспрессо и молока с мелкой микропенкой, давая более выраженный вкус кофе, чем латте.</p>", "img_src": "menu/Flat-White-d195a5f.png", "alt_text": "Ceașcă mică de Flat White cu spumă fină", "alt_text_ro": "Ceașcă mică de Flat White cu spumă fină", "alt_text_en": "Small cup of Flat White with fine foam", "alt_text_ru": "Маленькая чашка Флэт Уайт с мелкой пеной", "sort_order": 5, "is_active": true, "created_at": "2026-06-30T12:32:43.387Z", "updated_at": "2026-07-05T09:55:41.063Z"}}, {"model": "menu.menuproduct", "pk": "7d197952-7fbd-42c9-a534-4f52472cf7d5", "fields": {"category": "b1692bf0-f516-42dc-a283-d3612cda757c", "name": "Aeropress", "name_ro": "Aeropress", "name_en": "Aeropress", "name_ru": "Аэропресс", "slug": "aeropress", "price": "42.00", "weight_g": 250, "short_description": "Cafea concentrată, corp plin.", "short_description_ro": "Cafea concentrată, corp plin.", "short_description_en": "Concentrated coffee, full body.", "short_description_ru": "Концентрированный кофе, насыщенное тело.", "full_description": "<p>Metodă de preparare prin presiune, oferind o cafea cu corp plin și aciditate redusă.</p>", "full_description_ro": "<p>Metodă de preparare prin presiune, oferind o cafea cu corp plin și aciditate redusă.</p>", "full_description_en": "<p>Pressure-brewing method offering a full-bodied coffee with reduced acidity.</p>", "full_description_ru": "<p>Метод заваривания под давлением, дающий насыщенный кофе с пониженной кислотностью.</p>", "img_src": "menu/AP_Go_PDP_5_AMZ_900x.webp", "alt_text": "Dispozitiv Aeropress și ceașcă de cafea", "alt_text_ro": "Dispozitiv Aeropress și ceașcă de cafea", "alt_text_en": "Aeropress device and cup of coffee", "alt_text_ru": "Аэропресс и чашка кофе", "sort_order": 1, "is_active": true, "created_at": "2026-06-30T12:32:43.401Z", "updated_at": "2026-07-05T09:54:35.783Z"}}, {"model": "menu.menuproduct", "pk": "8681bffe-37c3-47ed-b74d-a0771da55f89", "fields": {"category": "34d213bf-ecd3-4b40-9144-745c4f69a4da", "name": "Cafea Latte", "name_ro": "Cafea Latte", "name_en": "Caffè Latte", "name_ru": "Латте", "slug": "cafea-latte", "price": "38.00", "weight_g": 250, "short_description": "Espresso cu mult lapte cald.", "short_description_ro": "Espresso cu mult lapte cald.", "short_description_en": "Espresso with plenty of steamed milk.", "short_description_ru": "Эспрессо с большим количеством тёплого молока.", "full_description": "<p>Pentru cei care preferă o cafea mai bl&acirc;ndă, latte combină espresso cu o cantitate generoasă de lapte cald și un strat subțire de spumă.</p>\r\n<p><strong>Opțiuni de lapte:</strong> integral, fără lactoză, ovăz, migdale (cost suplimentar +5 MDL).</p>", "full_description_ro": "<p>Pentru cei care preferă o cafea mai bl&acirc;ndă, latte combină espresso cu o cantitate generoasă de lapte cald și un strat subțire de spumă.</p>\r\n<p><strong>Opțiuni de lapte:</strong> integral, fără lactoză, ovăz, migdale (cost suplimentar +5 MDL).</p>", "full_description_en": "<p>For those who prefer a milder coffee, the latte combines espresso with a generous amount of steamed milk and a thin layer of foam.</p>\r\n<p><strong>Milk options:</strong> whole, lactose-free, oat, almond (+5 MDL extra).</p>", "full_description_ru": "<p>Для тех, кто предпочитает мягкий кофе &mdash; латте сочетает эспрессо с большим количеством тёплого молока и тонким слоем пены.</p>\r\n<p><strong>Варианты молока:</strong> цельное, безлактозное, овсяное, миндальное (+5 MDL).</p>", "img_src": "menu/Caffe_Latte_at_Pulse_Cafe.jpg", "alt_text": "Pahar înalt de latte cu strat de spumă", "alt_text_ro": "Pahar înalt de latte cu strat de spumă", "alt_text_en": "Tall glass of latte with a layer of foam", "alt_text_ru": "Высокий стакан латте со слоем пены", "sort_order": 1, "is_active": true, "created_at": "2026-06-30T12:32:43.384Z", "updated_at": "2026-07-05T09:55:39.276Z"}}, {"model": "menu.menuproduct", "pk": "87acf691-dd10-4a39-801c-d1fd882490f9", "fields": {"category": "1e312174-8aba-4a61-bff9-02fe5e78cdd1", "name": "Shot suplimentar de espresso", "name_ro": "Shot suplimentar de espresso", "name_en": "Extra Espresso Shot", "name_ru": "Дополнительная порция эспрессо", "slug": "shot-suplimentar-de-espresso", "price": "8.00", "weight_g": 30, "short_description": "Adaugă un shot de espresso.", "short_description_ro": "Adaugă un shot de espresso.", "short_description_en": "Add an extra shot of espresso.", "short_description_ru": "Добавьте порцию эспрессо.", "full_description": "<p>Pentru cei care au nevoie de un boost extra de cofeină &mdash; adăugați un shot suplimentar la orice băutură.</p>", "full_description_ro": "<p>Pentru cei care au nevoie de un boost extra de cofeină &mdash; adăugați un shot suplimentar la orice băutură.</p>", "full_description_en": "<p>For those needing an extra caffeine boost &mdash; add an extra shot to any drink.</p>", "full_description_ru": "<p>Для тех, кому нужен дополнительный заряд кофеина &mdash; добавьте порцию эспрессо к любому напитку.</p>", "img_src": "menu/silk-4.png", "alt_text": "Shot mic de espresso lângă o ceașcă de cafea", "alt_text_ro": "Shot mic de espresso lângă o ceașcă de cafea", "alt_text_en": "Small espresso shot next to a coffee cup", "alt_text_ru": "Маленькая порция эспрессо рядом с чашкой кофе", "sort_order": 0, "is_active": true, "created_at": "2026-06-30T12:32:43.566Z", "updated_at": "2026-07-05T10:07:59.117Z"}}, {"model": "menu.menuproduct", "pk": "8a683af9-6661-4ef9-a64b-83d2b51fa718", "fields": {"category": "6298cfc5-dc45-4d1e-9b73-21197a62cca5", "name": "Salată grecească", "name_ro": "Salată grecească", "name_en": "Greek Salad", "name_ru": "Греческий салат", "slug": "salata-greceasca", "price": "58.00", "weight_g": 270, "short_description": "Roșii, castraveți, măsline, feta.", "short_description_ro": "Roșii, castraveți, măsline, feta.", "short_description_en": "Tomato, cucumber, olives, feta.", "short_description_ru": "Помидоры, огурцы, оливки, фета.", "full_description": "<p>Legume proaspete, măsline Kalamata și br&acirc;nză feta, stropite cu ulei de măsline extravirgin.</p>", "full_description_ro": "<p>Legume proaspete, măsline Kalamata și br&acirc;nză feta, stropite cu ulei de măsline extravirgin.</p>", "full_description_en": "<p>Fresh vegetables, Kalamata olives and feta cheese, drizzled with extra virgin olive oil.</p>", "full_description_ru": "<p>Свежие овощи, оливки Каламата и сыр фета, заправленные оливковым маслом extra virgin.</p>", "img_src": "menu/IG3.png", "alt_text": "Salată grecească cu cub de feta deasupra", "alt_text_ro": "Salată grecească cu cub de feta deasupra", "alt_text_en": "Greek salad topped with a block of feta", "alt_text_ru": "Греческий салат с куском феты сверху", "sort_order": 1, "is_active": true, "created_at": "2026-06-30T12:32:43.506Z", "updated_at": "2026-07-05T10:02:15.905Z"}}, {"model": "menu.menuproduct", "pk": "8df10331-e26b-41b3-9e3d-c6425bdba97e", "fields": {"category": "903d34d6-c026-485e-83d8-df4b56eb099c", "name": "Club Sandwich", "name_ro": "Club Sandwich", "name_en": "Club Sandwich", "name_ru": "Клаб сэндвич", "slug": "club-sandwich", "price": "70.00", "weight_g": 300, "short_description": "Pui, bacon, salată, roșii, maioneză.", "short_description_ro": "Pui, bacon, salată, roșii, maioneză.", "short_description_en": "Chicken, bacon, lettuce, tomato, mayo.", "short_description_ru": "Курица, бекон, салат, помидоры, майонез.", "full_description": "<p>Trei felii de p&acirc;ine prăjită cu piept de pui, bacon crocant, salată verde, roșii și maioneză de casă.</p>", "full_description_ro": "<p>Trei felii de p&acirc;ine prăjită cu piept de pui, bacon crocant, salată verde, roșii și maioneză de casă.</p>", "full_description_en": "<p>Three slices of toasted bread with chicken breast, crispy bacon, lettuce, tomato and homemade mayo.</p>", "full_description_ru": "<p>Три ломтика тоста с куриной грудкой, хрустящим беконом, салатом, помидорами и домашним майонезом.</p>", "img_src": "menu/Classic-Club-Sandwich.jpg", "alt_text": "Club sandwich tăiat în triunghiuri", "alt_text_ro": "Club sandwich tăiat în triunghiuri", "alt_text_en": "Club sandwich cut into triangles", "alt_text_ru": "Клаб сэндвич, нарезанный треугольниками", "sort_order": 0, "is_active": true, "created_at": "2026-06-30T12:32:43.493Z", "updated_at": "2026-07-05T10:01:35.224Z"}}, {"model": "menu.menuproduct", "pk": "97099e7d-5c2e-401c-8829-443ef7694f50", "fields": {"category": "4f076d19-45fb-40e3-b5e6-13a65e75359f", "name": "Toast cu avocado", "name_ro": "Toast cu avocado", "name_en": "Avocado Toast", "name_ru": "Тост с авокадо", "slug": "toast-cu-avocado", "price": "65.00", "weight_g": 200, "short_description": "Pâine integrală, avocado, ou poșat.", "short_description_ro": "Pâine integrală, avocado, ou poșat.", "short_description_en": "Wholegrain bread, avocado, poached egg.", "short_description_ru": "Цельнозерновой хлеб, авокадо, яйцо пашот.", "full_description": "<p>Felie de p&acirc;ine integrală cu avocado zdrobit, ou poșat, semințe de susan și fulgi de chili.</p>", "full_description_ro": "<p>Felie de p&acirc;ine integrală cu avocado zdrobit, ou poșat, semințe de susan și fulgi de chili.</p>", "full_description_en": "<p>Slice of wholegrain bread with mashed avocado, poached egg, sesame seeds and chili flakes.</p>", "full_description_ru": "<p>Ломтик цельнозернового хлеба с пюре авокадо, яйцом пашот, кунжутом и хлопьями чили.</p>", "img_src": "menu/avocado-toast-with-everything-bagel-seasoning-feat.jpg", "alt_text": "Toast cu avocado și ou poșat deasupra", "alt_text_ro": "Toast cu avocado și ou poșat deasupra", "alt_text_en": "Avocado toast topped with a poached egg", "alt_text_ru": "Тост с авокадо и яйцом пашот сверху", "sort_order": 1, "is_active": true, "created_at": "2026-06-30T12:32:43.483Z", "updated_at": "2026-07-05T10:00:55.592Z"}}, {"model": "menu.menuproduct", "pk": "9729138b-d97c-4d60-820e-740fcef048bd", "fields": {"category": "34d213bf-ecd3-4b40-9144-745c4f69a4da", "name": "Americano", "name_ro": "Americano", "name_en": "Americano", "name_ru": "Американо", "slug": "americano", "price": "28.00", "weight_g": 500, "short_description": "Espresso diluat cu apă fierbinte.", "short_description_ro": "Espresso diluat cu apă fierbinte.", "short_description_en": "Espresso diluted with hot water.", "short_description_ru": "Эспрессо, разбавленный горячей водой.", "full_description": "<p>Un espresso dublu peste care se adaugă apă fierbinte, rezult&acirc;nd o cafea mai puțin intensă, dar plină de aromă.</p>\r\n<table>\r\n<tbody>\r\n<tr>\r\n<th>Caracteristică</th>\r\n<th>Detalii</th>\r\n</tr>\r\n<tr>\r\n<td>Bază</td>\r\n<td>Espresso dublu</td>\r\n</tr>\r\n<tr>\r\n<td>Volum apă</td>\r\n<td>~150 ml</td>\r\n</tr>\r\n</tbody>\r\n</table>", "full_description_ro": "<p>Un espresso dublu peste care se adaugă apă fierbinte, rezult&acirc;nd o cafea mai puțin intensă, dar plină de aromă.</p>\r\n<table>\r\n<tbody>\r\n<tr>\r\n<th>Caracteristică</th>\r\n<th>Detalii</th>\r\n</tr>\r\n<tr>\r\n<td>Bază</td>\r\n<td>Espresso dublu</td>\r\n</tr>\r\n<tr>\r\n<td>Volum apă</td>\r\n<td>~150 ml</td>\r\n</tr>\r\n</tbody>\r\n</table>", "full_description_en": "<p>A double espresso topped with hot water, resulting in a lighter but still full-flavored coffee.</p>\r\n<table>\r\n<tbody>\r\n<tr>\r\n<th>Feature</th>\r\n<th>Details</th>\r\n</tr>\r\n<tr>\r\n<td>Base</td>\r\n<td>Double espresso</td>\r\n</tr>\r\n<tr>\r\n<td>Water volume</td>\r\n<td>~150 ml</td>\r\n</tr>\r\n</tbody>\r\n</table>", "full_description_ru": "<p>Двойной эспрессо, разбавленный горячей водой &mdash; более мягкий, но насыщенный вкус.</p>\r\n<table>\r\n<tbody>\r\n<tr>\r\n<th>Параметр</th>\r\n<th>Детали</th>\r\n</tr>\r\n<tr>\r\n<td>Основа</td>\r\n<td>Двойной эспрессо</td>\r\n</tr>\r\n<tr>\r\n<td>Объём воды</td>\r\n<td>~150 мл</td>\r\n</tr>\r\n</tbody>\r\n</table>", "img_src": "menu/AB7ud4YSE6nmOX0iGlgA.webp", "alt_text": "Pahar de Americano fierbinte cu abur", "alt_text_ro": "Pahar de Americano fierbinte cu abur", "alt_text_en": "Glass of hot Americano with steam rising", "alt_text_ru": "Стакан горячего американо с поднимающимся паром", "sort_order": 3, "is_active": true, "created_at": "2026-06-30T12:32:43.374Z", "updated_at": "2026-07-05T09:55:40.356Z"}}, {"model": "menu.menuproduct", "pk": "992ec3ab-5f25-4d73-bcb1-1d487a23aad2", "fields": {"category": "3b164d7a-5f74-4f96-b478-e6e008ca3e7e", "name": "Iced Latte", "name_ro": "Iced Latte", "name_en": "Iced Latte", "name_ru": "Айс латте", "slug": "iced-latte", "price": "40.00", "weight_g": 350, "short_description": "Espresso, lapte rece și gheață.", "short_description_ro": "Espresso, lapte rece și gheață.", "short_description_en": "Espresso, cold milk and ice.", "short_description_ru": "Эспрессо, холодное молоко и лёд.", "full_description": "<p>Versiunea rece a clasicului latte, servită peste gheață abundentă.</p>", "full_description_ro": "<p>Versiunea rece a clasicului latte, servită peste gheață abundentă.</p>", "full_description_en": "<p>The cold version of the classic latte, served over plenty of ice.</p>", "full_description_ru": "<p>Холодная версия классического латте, подаётся со льдом.</p>", "img_src": "menu/Smores-Iced-Latte-Recipe-7.jpg", "alt_text": "Pahar de Iced Latte cu straturi de cafea și lapte", "alt_text_ro": "Pahar de Iced Latte cu straturi de cafea și lapte", "alt_text_en": "Glass of Iced Latte with layered coffee and milk", "alt_text_ru": "Стакан Айс Латте со слоями кофе и молока", "sort_order": 0, "is_active": true, "created_at": "2026-06-30T12:32:43.418Z", "updated_at": "2026-07-05T09:56:26.198Z"}}, {"model": "menu.menuproduct", "pk": "9c832215-745e-4b76-9f0a-dd8cffee5fb8", "fields": {"category": "1e312174-8aba-4a61-bff9-02fe5e78cdd1", "name": "Lapte de ovăz (alternativă)", "name_ro": "Lapte de ovăz (alternativă)", "name_en": "Oat Milk (alternative)", "name_ru": "Овсяное молоко (альтернатива)", "slug": "lapte-de-ovaz-alternativa", "price": "5.00", "weight_g": 100, "short_description": "Alternativă vegană la lapte.", "short_description_ro": "Alternativă vegană la lapte.", "short_description_en": "Vegan milk alternative.", "short_description_ru": "Веганская альтернатива молоку.", "full_description": "<p>Lapte de ovăz cremos, ideal pentru băuturi pe bază de espresso, potrivit pentru vegani și persoane intolerante la lactoză.</p>", "full_description_ro": "<p>Lapte de ovăz cremos, ideal pentru băuturi pe bază de espresso, potrivit pentru vegani și persoane intolerante la lactoză.</p>", "full_description_en": "<p>Creamy oat milk, ideal for espresso-based drinks, suitable for vegans and lactose-intolerant guests.</p>", "full_description_ru": "<p>Кремовое овсяное молоко, идеально для напитков на основе эспрессо, подходит веганам и людям с непереносимостью лактозы.</p>", "img_src": "menu/AlphaFreshJune21LR-1.webp", "alt_text": "Cana de lapte de ovăz turnată în cafea", "alt_text_ro": "Cana de lapte de ovăz turnată în cafea", "alt_text_en": "Oat milk being poured into coffee", "alt_text_ru": "Овсяное молоко, наливаемое в кофе", "sort_order": 2, "is_active": true, "created_at": "2026-06-30T12:32:43.571Z", "updated_at": "2026-07-05T10:07:59.851Z"}}, {"model": "menu.menuproduct", "pk": "a2b1e7d7-b2a9-40ef-865c-8acf9cd23bf1", "fields": {"category": "20698153-3363-4bb7-aeac-503ff4f874ba", "name": "Milkshake de vanilie", "name_ro": "Milkshake de vanilie", "name_en": "Vanilla Milkshake", "name_ru": "Ванильный милкшейк", "slug": "milkshake-de-vanilie", "price": "45.00", "weight_g": 350, "short_description": "Înghețată de vanilie, lapte, frișcă.", "short_description_ro": "Înghețată de vanilie, lapte, frișcă.", "short_description_en": "Vanilla ice cream, milk, whipped cream.", "short_description_ru": "Ванильное мороженое, молоко, взбитые сливки.", "full_description": "<p>Milkshake cremos din &icirc;nghețată de vanilie naturală și lapte, topat cu frișcă.</p>", "full_description_ro": "<p>Milkshake cremos din &icirc;nghețată de vanilie naturală și lapte, topat cu frișcă.</p>", "full_description_en": "<p>Creamy milkshake made from natural vanilla ice cream and milk, topped with whipped cream.</p>", "full_description_ru": "<p>Кремовый молочный коктейль из натурального ванильного мороженого и молока, со взбитыми сливками.</p>", "img_src": "menu/vanilla-milkshake-recipe-5.jpg", "alt_text": "Pahar de milkshake de vanilie cu frișcă deasupra", "alt_text_ro": "Pahar de milkshake de vanilie cu frișcă deasupra", "alt_text_en": "Glass of vanilla milkshake topped with whipped cream", "alt_text_ru": "Стакан ванильного милкшейка со взбитыми сливками", "sort_order": 0, "is_active": true, "created_at": "2026-06-30T12:32:43.530Z", "updated_at": "2026-07-05T10:05:41.764Z"}}, {"model": "menu.menuproduct", "pk": "b6344b2e-e512-465d-b185-f979a4add85a", "fields": {"category": "35bd8a00-ed9e-4a77-aff6-a1927b39566d", "name": "Supă cremă de roșii", "name_ro": "Supă cremă de roșii", "name_en": "Cream of Tomato Soup", "name_ru": "Крем-суп из помидоров", "slug": "supa-crema-de-rosii", "price": "45.00", "weight_g": 300, "short_description": "Roșii coapte, busuioc, smântână.", "short_description_ro": "Roșii coapte, busuioc, smântână.", "short_description_en": "Roasted tomatoes, basil, cream.", "short_description_ru": "Запечённые помидоры, базилик, сливки.", "full_description": "<p>Supă fină din roșii coapte la cuptor, cu busuioc proaspăt și un strop de sm&acirc;nt&acirc;nă.</p>", "full_description_ro": "<p>Supă fină din roșii coapte la cuptor, cu busuioc proaspăt și un strop de sm&acirc;nt&acirc;nă.</p>", "full_description_en": "<p>Smooth soup made from oven-roasted tomatoes, fresh basil and a swirl of cream.</p>", "full_description_ru": "<p>Нежный суп из запечённых в духовке помидоров со свежим базиликом и каплей сливок.</p>", "img_src": "menu/053123_TomatoSoup-MPPSoupsAndStews-Morgan-Hunt-Glaze-f59a081d7efb4625a75a1a907a6b1cbf.jpg", "alt_text": "Bol cu supă cremă de roșii și frunze de busuioc", "alt_text_ro": "Bol cu supă cremă de roșii și frunze de busuioc", "alt_text_en": "Bowl of tomato cream soup with basil leaves", "alt_text_ru": "Тарелка томатного крем-супа с листьями базилика", "sort_order": 0, "is_active": true, "created_at": "2026-06-30T12:32:43.512Z", "updated_at": "2026-07-05T10:02:39.541Z"}}, {"model": "menu.menuproduct", "pk": "b8acfe11-c106-4265-8842-8d085b566b6e", "fields": {"category": "903d34d6-c026-485e-83d8-df4b56eb099c", "name": "Panini Caprese", "name_ro": "Panini Caprese", "name_en": "Caprese Panini", "name_ru": "Панини Капрезе", "slug": "panini-caprese", "price": "58.00", "weight_g": 250, "short_description": "Mozzarella, roșii, busuioc, pesto.", "short_description_ro": "Mozzarella, roșii, busuioc, pesto.", "short_description_en": "Mozzarella, tomato, basil, pesto.", "short_description_ru": "Моцарелла, помидоры, базилик, песто.", "full_description": "<p>Panini cald cu mozzarella proaspătă, roșii, busuioc și sos pesto, presat la grătar.</p>", "full_description_ro": "<p>Panini cald cu mozzarella proaspătă, roșii, busuioc și sos pesto, presat la grătar.</p>", "full_description_en": "<p>Warm panini with fresh mozzarella, tomato, basil and pesto sauce, grilled and pressed.</p>", "full_description_ru": "<p>Тёплое панини со свежей моцареллой, помидорами, базиликом и соусом песто, прижато на гриле.</p>", "img_src": "menu/Vegan-Caprese-Panini-1.jpg", "alt_text": "Panini Caprese cu dungi de la grătar", "alt_text_ro": "Panini Caprese cu dungi de la grătar", "alt_text_en": "Caprese panini with grill marks", "alt_text_ru": "Панини Капрезе с полосками от гриля", "sort_order": 1, "is_active": true, "created_at": "2026-06-30T12:32:43.495Z", "updated_at": "2026-07-05T10:01:35.629Z"}}, {"model": "menu.menuproduct", "pk": "bb61a3b0-8f2c-4d5a-a92c-7d8acbce49a8", "fields": {"category": "212f4e0c-745e-4988-b074-7bf9a61b939b", "name": "Vin roșu de casă (pahar)", "name_ro": "Vin roșu de casă (pahar)", "name_en": "House Red Wine (glass)", "name_ru": "Домашнее красное вино (бокал)", "slug": "vin-rosu-de-casa-pahar", "price": "50.00", "weight_g": 150, "short_description": "Vin roșu local, sec.", "short_description_ro": "Vin roșu local, sec.", "short_description_en": "Local dry red wine.", "short_description_ru": "Местное сухое красное вино.", "full_description": "<p>Vin roșu sec de la o cramă locală din Moldova, cu note de fructe roșii coapte.</p>", "full_description_ro": "<p>Vin roșu sec de la o cramă locală din Moldova, cu note de fructe roșii coapte.</p>", "full_description_en": "<p>Dry red wine from a local Moldovan winery, with notes of ripe red fruit.</p>", "full_description_ru": "<p>Сухое красное вино местной молдавской винодельни с нотами спелых красных ягод.</p>", "img_src": "menu/house-wine-5.jpg", "alt_text": "Pahar de vin roșu pe o masă de cafenea", "alt_text_ro": "Pahar de vin roșu pe o masă de cafenea", "alt_text_en": "Glass of red wine on a cafe table", "alt_text_ru": "Бокал красного вина на столике кафе", "sort_order": 0, "is_active": true, "created_at": "2026-06-30T12:32:43.555Z", "updated_at": "2026-07-05T10:07:12.487Z"}}, {"model": "menu.menuproduct", "pk": "bc2bd24d-c7e7-4061-b486-7154147a8872", "fields": {"category": "3b164d7a-5f74-4f96-b478-e6e008ca3e7e", "name": "Limonadă de casă", "name_ro": "Limonadă de casă", "name_en": "Homemade Lemonade", "name_ru": "Домашний лимонад", "slug": "limonada-de-casa", "price": "35.00", "weight_g": 400, "short_description": "Lămâie proaspătă, mentă, sirop natural.", "short_description_ro": "Lămâie proaspătă, mentă, sirop natural.", "short_description_en": "Fresh lemon, mint, natural syrup.", "short_description_ru": "Свежий лимон, мята, натуральный сироп.", "full_description": "<p>Preparată zilnic din lăm&acirc;i proaspete, mentă și sirop natural de trestie de zahăr.</p>\r\n<p><strong>Variante:</strong> clasică, cu zmeură, cu piersică (+5 MDL).</p>", "full_description_ro": "<p>Preparată zilnic din lăm&acirc;i proaspete, mentă și sirop natural de trestie de zahăr.</p>\r\n<p><strong>Variante:</strong> clasică, cu zmeură, cu piersică (+5 MDL).</p>", "full_description_en": "<p>Made daily from fresh lemons, mint and natural cane sugar syrup.</p>\r\n<p><strong>Variants:</strong> classic, raspberry, peach (+5 MDL).</p>", "full_description_ru": "<p>Готовится ежедневно из свежих лимонов, мяты и натурального тростникового сиропа.</p>\r\n<p><strong>Варианты:</strong> классический, малиновый, персиковый (+5 MDL).</p>", "img_src": "menu/limonada-5-of-7.webp", "alt_text": "Carafă de limonadă cu felii de lămâie și mentă", "alt_text_ro": "Carafă de limonadă cu felii de lămâie și mentă", "alt_text_en": "Pitcher of lemonade with lemon slices and mint", "alt_text_ru": "Кувшин лимонада с дольками лимона и мятой", "sort_order": 1, "is_active": true, "created_at": "2026-06-30T12:32:43.420Z", "updated_at": "2026-07-05T09:56:26.520Z"}}, {"model": "menu.menuproduct", "pk": "c19b01be-3272-48a3-8d0f-07854f60ab28", "fields": {"category": "4214fb4c-fb10-4989-a8be-04d4a73319d0", "name": "Foietaj danez cu fructe", "name_ro": "Foietaj danez cu fructe", "name_en": "Fruit Danish Pastry", "name_ru": "Датская выпечка с фруктами", "slug": "foietaj-danez-cu-fructe", "price": "33.00", "weight_g": 95, "short_description": "Foietaj cu cremă și fructe de sezon.", "short_description_ro": "Foietaj cu cremă și fructe de sezon.", "short_description_en": "Pastry with cream and seasonal fruit.", "short_description_ru": "Выпечка с кремом и сезонными фруктами.", "full_description": "<p>Foietaj pufos cu cremă de vanilie și fructe proaspete de sezon, glazurat ușor.</p>", "full_description_ro": "<p>Foietaj pufos cu cremă de vanilie și fructe proaspete de sezon, glazurat ușor.</p>", "full_description_en": "<p>Flaky pastry with vanilla cream and fresh seasonal fruit, lightly glazed.</p>", "full_description_ru": "<p>Слоёная выпечка с ванильным кремом и свежими сезонными фруктами, слегка глазированная.</p>", "img_src": "menu/fruit-cream-cheese-puff-pastry-danish-5.jpg", "alt_text": "Foietaj danez cu fructe colorate deasupra", "alt_text_ro": "Foietaj danez cu fructe colorate deasupra", "alt_text_en": "Danish pastry topped with colorful fruit", "alt_text_ru": "Датская выпечка с яркими фруктами сверху", "sort_order": 3, "is_active": true, "created_at": "2026-06-30T12:32:43.443Z", "updated_at": "2026-07-05T09:58:12.378Z"}}, {"model": "menu.menuproduct", "pk": "c53e6d14-3ff5-4b1e-a4c0-e37187b3a0d6", "fields": {"category": "b1692bf0-f516-42dc-a283-d3612cda757c", "name": "Cold Brew", "name_ro": "Cold Brew", "name_en": "Cold Brew", "name_ru": "Колд брю", "slug": "cold-brew", "price": "40.00", "weight_g": 300, "short_description": "Cafea infuzată la rece, 12 ore.", "short_description_ro": "Cafea infuzată la rece, 12 ore.", "short_description_en": "Cold-steeped coffee, 12 hours.", "short_description_ru": "Холодный настой кофе, 12 часов.", "full_description": "<p>Infuzat <strong>12 ore</strong> la temperatură scăzută, rezult&acirc;nd o cafea dulce, fără aciditate, perfectă pentru zilele călduroase.</p>", "full_description_ro": "<p>Infuzat <strong>12 ore</strong> la temperatură scăzută, rezult&acirc;nd o cafea dulce, fără aciditate, perfectă pentru zilele călduroase.</p>", "full_description_en": "<p>Steeped for <strong>12 hours</strong> at low temperature, resulting in a sweet, low-acidity coffee perfect for hot days.</p>", "full_description_ru": "<p>Настаивается <strong>12 часов</strong> при низкой температуре &mdash; сладкий кофе с низкой кислотностью, идеален для жарких дней.</p>", "img_src": "menu/French-Press-Cold-Brew-Umami-Girl-1200-2.jpeg", "alt_text": "Pahar înalt de Cold Brew cu gheață", "alt_text_ro": "Pahar înalt de Cold Brew cu gheață", "alt_text_en": "Tall glass of Cold Brew with ice", "alt_text_ru": "Высокий стакан колд брю со льдом", "sort_order": 2, "is_active": true, "created_at": "2026-06-30T12:32:43.403Z", "updated_at": "2026-07-05T09:54:36.190Z"}}, {"model": "menu.menuproduct", "pk": "d02cec28-36bf-4a35-a20b-d0a7a1cb7760", "fields": {"category": "17e12bd5-26e0-4de6-8fdc-737413654510", "name": "Tiramisu", "name_ro": "Tiramisu", "name_en": "Tiramisu", "name_ru": "Тирамису", "slug": "tiramisu", "price": "50.00", "weight_g": 140, "short_description": "Pișcoturi, mascarpone, cafea, cacao.", "short_description_ro": "Pișcoturi, mascarpone, cafea, cacao.", "short_description_en": "Ladyfingers, mascarpone, coffee, cocoa.", "short_description_ru": "Савоярди, маскарпоне, кофе, какао.", "full_description": "<p>Desert italian clasic preparat după rețeta tradițională:</p>\r\n<ol>\r\n<li>Pișcoturi &icirc;nmuiate &icirc;n espresso</li>\r\n<li>Cremă de mascarpone</li>\r\n<li>Praf de cacao</li>\r\n</ol>", "full_description_ro": "<p>Desert italian clasic preparat după rețeta tradițională:</p>\r\n<ol>\r\n<li>Pișcoturi &icirc;nmuiate &icirc;n espresso</li>\r\n<li>Cremă de mascarpone</li>\r\n<li>Praf de cacao</li>\r\n</ol>", "full_description_en": "<p>Classic Italian dessert made following the traditional recipe:</p>\r\n<ol>\r\n<li>Ladyfingers soaked in espresso</li>\r\n<li>Mascarpone cream</li>\r\n<li>Cocoa powder</li>\r\n</ol>", "full_description_ru": "<p>Классический итальянский десерт по традиционному рецепту:</p>\r\n<ol>\r\n<li>Савоярди, пропитанные эспрессо</li>\r\n<li>Крем маскарпоне</li>\r\n<li>Какао-порошок</li>\r\n</ol>", "img_src": "menu/tiramisu.jpg", "alt_text": "Porție de tiramisu presărată cu cacao", "alt_text_ro": "Porție de tiramisu presărată cu cacao", "alt_text_en": "Portion of tiramisu dusted with cocoa", "alt_text_ru": "Порция тирамису, посыпанная какао", "sort_order": 1, "is_active": true, "created_at": "2026-06-30T12:32:43.461Z", "updated_at": "2026-07-05T09:58:55.687Z"}}, {"model": "menu.menuproduct", "pk": "d130bc0d-3b6a-4733-85ed-6b2fab0ed300", "fields": {"category": "212f4e0c-745e-4988-b074-7bf9a61b939b", "name": "Vin alb de casă (pahar)", "name_ro": "Vin alb de casă (pahar)", "name_en": "House White Wine (glass)", "name_ru": "Домашнее белое вино (бокал)", "slug": "vin-alb-de-casa-pahar", "price": "50.00", "weight_g": 150, "short_description": "Vin alb local, fructat.", "short_description_ro": "Vin alb local, fructat.", "short_description_en": "Local fruity white wine.", "short_description_ru": "Местное фруктовое белое вино.", "full_description": "<p>Vin alb proaspăt, cu arome fructate, ideal alături de salate sau deserturi ușoare.</p>", "full_description_ro": "<p>Vin alb proaspăt, cu arome fructate, ideal alături de salate sau deserturi ușoare.</p>", "full_description_en": "<p>Fresh white wine with fruity aromas, ideal alongside salads or light desserts.</p>", "full_description_ru": "<p>Свежее белое вино с фруктовыми ароматами, отлично сочетается с салатами или лёгкими десертами.</p>", "img_src": "menu/house-wine-6.jpg", "alt_text": "Pahar de vin alb rece cu picături de condens", "alt_text_ro": "Pahar de vin alb rece cu picături de condens", "alt_text_en": "Glass of chilled white wine with condensation", "alt_text_ru": "Бокал охлаждённого белого вина с каплями конденсата", "sort_order": 1, "is_active": true, "created_at": "2026-06-30T12:32:43.557Z", "updated_at": "2026-07-05T10:07:12.798Z"}}, {"model": "menu.menuproduct", "pk": "d1e69150-d06d-45f9-a04a-b4e66f2cee15", "fields": {"category": "903d34d6-c026-485e-83d8-df4b56eb099c", "name": "Wrap vegetarian", "name_ro": "Wrap vegetarian", "name_en": "Veggie Wrap", "name_ru": "Вегетарианский ролл", "slug": "wrap-vegetarian", "price": "52.00", "weight_g": 230, "short_description": "Lipie cu legume, hummus, avocado.", "short_description_ro": "Lipie cu legume, hummus, avocado.", "short_description_en": "Tortilla with vegetables, hummus, avocado.", "short_description_ru": "Тортилья с овощами, хумусом, авокадо.", "full_description": "<p>Lipie integrală umplută cu hummus, avocado, morcov, castravete și salată verde.</p>", "full_description_ro": "<p>Lipie integrală umplută cu hummus, avocado, morcov, castravete și salată verde.</p>", "full_description_en": "<p>Wholegrain tortilla filled with hummus, avocado, carrot, cucumber and lettuce.</p>", "full_description_ru": "<p>Цельнозерновая тортилья с хумусом, авокадо, морковью, огурцом и листовым салатом.</p>", "img_src": "menu/IMG_0198-Edit.jpg", "alt_text": "Wrap vegetarian tăiat pe jumătate", "alt_text_ro": "Wrap vegetarian tăiat pe jumătate", "alt_text_en": "Veggie wrap cut in half", "alt_text_ru": "Вегетарианский ролл, разрезанный пополам", "sort_order": 2, "is_active": true, "created_at": "2026-06-30T12:32:43.498Z", "updated_at": "2026-07-05T10:01:36.115Z"}}, {"model": "menu.menuproduct", "pk": "d7b6c386-54fd-4636-9845-9f575a9b8b0d", "fields": {"category": "1e312174-8aba-4a61-bff9-02fe5e78cdd1", "name": "Sirop aromat (vanilie/caramel/alună)", "name_ro": "Sirop aromat (vanilie/caramel/alună)", "name_en": "Flavored Syrup (vanilla/caramel/hazelnut)", "name_ru": "Ароматный сироп (ваниль/карамель/орех)", "slug": "sirop-aromat-vaniliecaramelaluna", "price": "6.00", "weight_g": 15, "short_description": "Sirop natural la alegere.", "short_description_ro": "Sirop natural la alegere.", "short_description_en": "Natural syrup of your choice.", "short_description_ru": "Натуральный сироп на выбор.", "full_description": "<p>Disponibil &icirc;n arome de vanilie, caramel sărat sau alună de pădure. Se adaugă la orice cafea sau ceai.</p>", "full_description_ro": "<p>Disponibil &icirc;n arome de vanilie, caramel sărat sau alună de pădure. Se adaugă la orice cafea sau ceai.</p>", "full_description_en": "<p>Available in vanilla, salted caramel or hazelnut flavors. Can be added to any coffee or tea.</p>", "full_description_ru": "<p>Доступен со вкусом ванили, солёной карамели или лесного ореха. Можно добавить в любой кофе или чай.</p>", "img_src": "menu/syrupset2_grande.webp", "alt_text": "Sticlă de sirop aromat lângă o cafea", "alt_text_ro": "Sticlă de sirop aromat lângă o cafea", "alt_text_en": "Bottle of flavored syrup next to a coffee", "alt_text_ru": "Бутылка ароматного сиропа рядом с кофе", "sort_order": 1, "is_active": true, "created_at": "2026-06-30T12:32:43.568Z", "updated_at": "2026-07-05T10:07:59.506Z"}}, {"model": "menu.menuproduct", "pk": "d9f3291a-ab12-44aa-918f-85d53f534803", "fields": {"category": "6298cfc5-dc45-4d1e-9b73-21197a62cca5", "name": "Salată Caesar", "name_ro": "Salată Caesar", "name_en": "Caesar Salad", "name_ru": "Салат Цезарь", "slug": "salata-caesar", "price": "65.00", "weight_g": 280, "short_description": "Salată romană, pui, crutoane, parmezan.", "short_description_ro": "Salată romană, pui, crutoane, parmezan.", "short_description_en": "Romaine lettuce, chicken, croutons, parmesan.", "short_description_ru": "Салат романо, курица, гренки, пармезан.", "full_description": "<p>Salată Caesar clasică cu piept de pui la grătar, crutoane crocante, parmezan ras și sos Caesar de casă.</p>", "full_description_ro": "<p>Salată Caesar clasică cu piept de pui la grătar, crutoane crocante, parmezan ras și sos Caesar de casă.</p>", "full_description_en": "<p>Classic Caesar salad with grilled chicken breast, crispy croutons, grated parmesan and homemade Caesar dressing.</p>", "full_description_ru": "<p>Классический Цезарь с куриной грудкой на гриле, хрустящими гренками, тёртым пармезаном и домашним соусом Цезарь.</p>", "img_src": "menu/IMG_9839.jpeg", "alt_text": "Salată Caesar cu felii de pui și parmezan", "alt_text_ro": "Salată Caesar cu felii de pui și parmezan", "alt_text_en": "Caesar salad with chicken slices and parmesan", "alt_text_ru": "Салат Цезарь с кусочками курицы и пармезаном", "sort_order": 0, "is_active": true, "created_at": "2026-06-30T12:32:43.503Z", "updated_at": "2026-07-05T10:02:15.445Z"}}, {"model": "menu.menuproduct", "pk": "dc812aef-082c-48d5-ab5f-3681bf96946b", "fields": {"category": "17e12bd5-26e0-4de6-8fdc-737413654510", "name": "Tort de ciocolată", "name_ro": "Tort de ciocolată", "name_en": "Chocolate Cake", "name_ru": "Шоколадный торт", "slug": "tort-de-ciocolata", "price": "52.00", "weight_g": 150, "short_description": "Blat umed, ganache de ciocolată.", "short_description_ro": "Blat umed, ganache de ciocolată.", "short_description_en": "Moist sponge, chocolate ganache.", "short_description_ru": "Влажный бисквит, шоколадный ганаш.", "full_description": "<p>Tort bogat, cu trei straturi de blat umed și ganache din ciocolată neagră 70%.</p>", "full_description_ro": "<p>Tort bogat, cu trei straturi de blat umed și ganache din ciocolată neagră 70%.</p>", "full_description_en": "<p>Rich cake with three layers of moist sponge and 70% dark chocolate ganache.</p>", "full_description_ru": "<p>Насыщенный торт из трёх слоёв влажного бисквита с ганашем из тёмного шоколада 70%.</p>", "img_src": "menu/Untitled-1200-x-1200-px-8.webp", "alt_text": "Felie de tort de ciocolată cu glazură lucioasă", "alt_text_ro": "Felie de tort de ciocolată cu glazură lucioasă", "alt_text_en": "Slice of chocolate cake with glossy glaze", "alt_text_ru": "Кусок шоколадного торта с глянцевой глазурью", "sort_order": 2, "is_active": true, "created_at": "2026-06-30T12:32:43.467Z", "updated_at": "2026-07-05T09:58:56.050Z"}}, {"model": "menu.menuproduct", "pk": "ddd7669e-7bc7-4793-9a2f-5e6ec294cd25", "fields": {"category": "09d4bdba-2f18-49e5-bbcb-7a896efae91e", "name": "Ceai negru", "name_ro": "Ceai negru", "name_en": "Black Tea", "name_ru": "Чёрный чай", "slug": "ceai-negru", "price": "22.00", "weight_g": 300, "short_description": "Ceai negru clasic, frunze întregi.", "short_description_ro": "Ceai negru clasic, frunze întregi.", "short_description_en": "Classic black tea, whole leaf.", "short_description_ru": "Классический чёрный чай, цельный лист.", "full_description": "<p>Selecție de frunze &icirc;ntregi din plantațiile Ceylon, infuzate timp de 4-5 minute pentru un gust echilibrat.</p>", "full_description_ro": "<p>Selecție de frunze &icirc;ntregi din plantațiile Ceylon, infuzate timp de 4-5 minute pentru un gust echilibrat.</p>", "full_description_en": "<p>Whole leaf selection from Ceylon plantations, steeped for 4-5 minutes for a balanced flavor.</p>", "full_description_ru": "<p>Цельнолистовой чай с цейлонских плантаций, заваривается 4-5 минут для сбалансированного вкуса.</p>", "img_src": "menu/obnixyzlqfg0qpvj4mad.webp", "alt_text": "Ceainic cu ceai negru și o ceașcă albă", "alt_text_ro": "Ceainic cu ceai negru și o ceașcă albă", "alt_text_en": "Teapot with black tea and a white cup", "alt_text_ru": "Чайник с чёрным чаем и белая чашка", "sort_order": 0, "is_active": true, "created_at": "2026-06-30T12:32:43.407Z", "updated_at": "2026-07-05T09:57:16.170Z"}}, {"model": "menu.menuproduct", "pk": "e2c397d8-fb3f-4d6c-98de-7f0f5d49ae13", "fields": {"category": "09d4bdba-2f18-49e5-bbcb-7a896efae91e", "name": "Ceai verde", "name_ro": "Ceai verde", "name_en": "Green Tea", "name_ru": "Зелёный чай", "slug": "ceai-verde", "price": "22.00", "weight_g": 300, "short_description": "Ceai verde proaspăt, ușor astringent.", "short_description_ro": "Ceai verde proaspăt, ușor astringent.", "short_description_en": "Fresh green tea, lightly astringent.", "short_description_ru": "Свежий зелёный чай, лёгкая терпкость.", "full_description": "<p>Notă: infuzați la temperatură mai joasă (75-80&deg;C) pentru a evita amăreala.</p>\r\n<ul>\r\n<li>Bogat &icirc;n antioxidanți</li>\r\n<li>Gust proaspăt, vegetal</li>\r\n</ul>", "full_description_ro": "<p>Notă: infuzați la temperatură mai joasă (75-80&deg;C) pentru a evita amăreala.</p>\r\n<ul>\r\n<li>Bogat &icirc;n antioxidanți</li>\r\n<li>Gust proaspăt, vegetal</li>\r\n</ul>", "full_description_en": "<p>Note: brew at a lower temperature (75-80&deg;C) to avoid bitterness.</p>\r\n<ul>\r\n<li>Rich in antioxidants</li>\r\n<li>Fresh, vegetal taste</li>\r\n</ul>", "full_description_ru": "<p>Совет: заваривать при более низкой температуре (75-80&deg;C), чтобы избежать горечи.</p>\r\n<ul>\r\n<li>Богат антиоксидантами</li>\r\n<li>Свежий, травянистый вкус</li>\r\n</ul>", "img_src": "menu/green-tea-scaled.jpg", "alt_text": "Ceașcă de ceai verde cu frunze plutind", "alt_text_ro": "Ceașcă de ceai verde cu frunze plutind", "alt_text_en": "Cup of green tea with floating leaves", "alt_text_ru": "Чашка зелёного чая с плавающими листьями", "sort_order": 1, "is_active": true, "created_at": "2026-06-30T12:32:43.409Z", "updated_at": "2026-07-05T09:57:16.572Z"}}, {"model": "menu.menuproduct", "pk": "e6e27472-5c7b-4cfd-b9da-1f6b4f514416", "fields": {"category": "34d213bf-ecd3-4b40-9144-745c4f69a4da", "name": "Espresso", "name_ro": "Espresso", "name_en": "Espresso", "name_ru": "Эспрессо", "slug": "espresso", "price": "25.00", "weight_g": 30, "short_description": "Espresso clasic, intens și aromat.", "short_description_ro": "Espresso clasic, intens și aromat.", "short_description_en": "Classic espresso, bold and aromatic.", "short_description_ru": "Классический эспрессо, насыщенный и ароматный.", "full_description": "<p>Espresso-ul nostru este preparat din boabe <strong>100% Arabica</strong>, prăjite proaspăt și măcinate la comandă.</p>\r\n<ul>\r\n<li>Extracție de 25-30 secunde</li>\r\n<li>Temperatură 92-94&deg;C</li>\r\n<li>Crema densă și aurie</li>\r\n</ul>\r\n<p>Ideal pentru cei care apreciază gustul pur al cafelei. Pentru mai multe informații despre originea boabelor, vizitați <a href=\"#\">pagina noastră despre cafea</a>.</p>", "full_description_ro": "<p>Espresso-ul nostru este preparat din boabe <strong>100% Arabica</strong>, prăjite proaspăt și măcinate la comandă.</p>\r\n<ul>\r\n<li>Extracție de 25-30 secunde</li>\r\n<li>Temperatură 92-94&deg;C</li>\r\n<li>Crema densă și aurie</li>\r\n</ul>\r\n<p>Ideal pentru cei care apreciază gustul pur al cafelei. Pentru mai multe informații despre originea boabelor, vizitați <a href=\"#\">pagina noastră despre cafea</a>.</p>", "full_description_en": "<p>Our espresso is made from <strong>100% Arabica</strong> beans, freshly roasted and ground to order.</p>\r\n<ul>\r\n<li>25-30 second extraction</li>\r\n<li>Temperature 92-94&deg;C</li>\r\n<li>Dense, golden crema</li>\r\n</ul>\r\n<p>Perfect for those who appreciate the pure taste of coffee. Learn more on our <a href=\"#\">coffee origin page</a>.</p>", "full_description_ru": "<p>Наш эспрессо готовится из зёрен <strong>100% Арабика</strong>, свежеобжаренных и смолотых под заказ.</p>\r\n<ul>\r\n<li>Экстракция 25-30 секунд</li>\r\n<li>Температура 92-94&deg;C</li>\r\n<li>Плотная золотистая пенка</li>\r\n</ul>\r\n<p>Идеален для тех, кто ценит чистый вкус кофе. Подробнее на <a href=\"#\">странице о происхождении кофе</a>.</p>", "img_src": "menu/espresso_d93cf1fb-0d4d-4da2-877f-c8226560ea4a.webp", "alt_text": "Cană mică de espresso cu crema aurie pe o farfurioară albă", "alt_text_ro": "Cană mică de espresso cu crema aurie pe o farfurioară albă", "alt_text_en": "Small cup of espresso with golden crema on a white saucer", "alt_text_ru": "Маленькая чашка эспрессо с золотистой пенкой на белом блюдце", "sort_order": 2, "is_active": true, "created_at": "2026-06-30T12:32:43.369Z", "updated_at": "2026-07-05T09:55:40.045Z"}}, {"model": "menu.menuproduct", "pk": "ea693ee5-db15-4506-a549-b0a528f6fe4d", "fields": {"category": "212f4e0c-745e-4988-b074-7bf9a61b939b", "name": "Aperol Spritz", "name_ro": "Aperol Spritz", "name_en": "Aperol Spritz", "name_ru": "Апероль Шприц", "slug": "aperol-spritz", "price": "65.00", "weight_g": 250, "short_description": "Aperol, prosecco, sifon, portocală.", "short_description_ro": "Aperol, prosecco, sifon, portocală.", "short_description_en": "Aperol, prosecco, soda, orange.", "short_description_ru": "Апероль, просекко, содовая, апельсин.", "full_description": "<p>Cocktail italian clasic: <strong>3</strong> părți prosecco, <strong>2</strong> părți Aperol, <strong>1</strong> parte sifon, servit cu felie de portocală.</p>", "full_description_ro": "<p>Cocktail italian clasic: <strong>3</strong> părți prosecco, <strong>2</strong> părți Aperol, <strong>1</strong> parte sifon, servit cu felie de portocală.</p>", "full_description_en": "<p>Classic Italian cocktail: <strong>3</strong> parts prosecco, <strong>2</strong> parts Aperol, <strong>1</strong> part soda, served with an orange slice.</p>", "full_description_ru": "<p>Классический итальянский коктейль: <strong>3</strong> части просекко, <strong>2</strong> части Апероль, <strong>1</strong> часть содовой, подаётся с долькой апельсина.</p>", "img_src": "menu/classic-aperol-spritz-recipe.jpeg", "alt_text": "Pahar de Aperol Spritz cu felie de portocală", "alt_text_ro": "Pahar de Aperol Spritz cu felie de portocală", "alt_text_en": "Glass of Aperol Spritz with an orange slice", "alt_text_ru": "Бокал Апероль Шприц с долькой апельсина", "sort_order": 3, "is_active": true, "created_at": "2026-06-30T12:32:43.562Z", "updated_at": "2026-07-05T10:07:13.681Z"}}, {"model": "menu.menuproduct", "pk": "f0e51dbe-7e5a-4150-b987-15d26128da61", "fields": {"category": "ea8bb333-7918-4029-9e91-9efc98440954", "name": "Suc de mere pentru copii", "name_ro": "Suc de mere pentru copii", "name_en": "Kids Apple Juice", "name_ru": "Детский яблочный сок", "slug": "suc-de-mere-pentru-copii", "price": "18.00", "weight_g": 200, "short_description": "Suc natural de mere, fără zahăr adăugat.", "short_description_ro": "Suc natural de mere, fără zahăr adăugat.", "short_description_en": "Natural apple juice, no added sugar.", "short_description_ru": "Натуральный яблочный сок, без сахара.", "full_description": "<p>Suc 100% natural de mere, presat la rece, servit &icirc;ntr-un pahar potrivit pentru copii.</p>", "full_description_ro": "<p>Suc 100% natural de mere, presat la rece, servit &icirc;ntr-un pahar potrivit pentru copii.</p>", "full_description_en": "<p>100% natural cold-pressed apple juice, served in a kid-friendly glass.</p>", "full_description_ru": "<p>100% натуральный яблочный сок холодного отжима, подаётся в детском стакане.</p>", "img_src": "menu/2354871.webp", "alt_text": "Pahar mic de suc de mere pentru copii", "alt_text_ro": "Pahar mic de suc de mere pentru copii", "alt_text_en": "Small glass of apple juice for kids", "alt_text_ru": "Маленький стакан яблочного сока для детей", "sort_order": 1, "is_active": true, "created_at": "2026-06-30T12:32:43.545Z", "updated_at": "2026-07-05T10:06:13.787Z"}}, {"model": "menu.menuproduct", "pk": "f3c61a62-eef8-4743-9e02-f3593fa961d8", "fields": {"category": "17e12bd5-26e0-4de6-8fdc-737413654510", "name": "Cheesecake clasic", "name_ro": "Cheesecake clasic", "name_en": "Classic Cheesecake", "name_ru": "Классический чизкейк", "slug": "cheesecake-clasic", "price": "55.00", "weight_g": 130, "short_description": "Blat crocant, cremă fină de brânză.", "short_description_ro": "Blat crocant, cremă fină de brânză.", "short_description_en": "Crunchy base, smooth cream cheese filling.", "short_description_ru": "Хрустящая основа, нежный сырный крем.", "full_description": "<p>Cheesecake stil New York, cu blat din biscuiți și cremă din br&acirc;nză Philadelphia.</p>\r\n<table>\r\n<tbody>\r\n<tr>\r\n<th>Alergeni</th>\r\n<td>gluten, lactate, ouă</td>\r\n</tr>\r\n</tbody>\r\n</table>", "full_description_ro": "<p>Cheesecake stil New York, cu blat din biscuiți și cremă din br&acirc;nză Philadelphia.</p>\r\n<table>\r\n<tbody>\r\n<tr>\r\n<th>Alergeni</th>\r\n<td>gluten, lactate, ouă</td>\r\n</tr>\r\n</tbody>\r\n</table>", "full_description_en": "<p>New York-style cheesecake with a biscuit base and Philadelphia cream cheese filling.</p>\r\n<table>\r\n<tbody>\r\n<tr>\r\n<th>Allergens</th>\r\n<td>gluten, dairy, eggs</td>\r\n</tr>\r\n</tbody>\r\n</table>", "full_description_ru": "<p>Чизкейк в нью-йоркском стиле с песочной основой и кремом из сыра Philadelphia.</p>\r\n<table>\r\n<tbody>\r\n<tr>\r\n<th>Аллергены</th>\r\n<td>глютен, молочные продукты, яйца</td>\r\n</tr>\r\n</tbody>\r\n</table>", "img_src": "menu/Easy-Classic-Cheesecake2-2814f4f9999943688d54f103a13919b8.jpg", "alt_text": "Felie de cheesecake cu sos de fructe de pădure", "alt_text_ro": "Felie de cheesecake cu sos de fructe de pădure", "alt_text_en": "Slice of cheesecake with berry sauce", "alt_text_ru": "Кусок чизкейка с ягодным соусом", "sort_order": 0, "is_active": true, "created_at": "2026-06-30T12:32:43.455Z", "updated_at": "2026-07-05T09:58:55.356Z"}}, {"model": "menu.menuproduct", "pk": "fca0fe89-f68a-4ec6-b2c0-0b83b25d3a8d", "fields": {"category": "09d4bdba-2f18-49e5-bbcb-7a896efae91e", "name": "Mușețel", "name_ro": "Mușețel", "name_en": "Chamomile", "name_ru": "Ромашка", "slug": "musetel", "price": "20.00", "weight_g": 300, "short_description": "Ceai relaxant din flori de mușețel.", "short_description_ro": "Ceai relaxant din flori de mușețel.", "short_description_en": "Relaxing tea made from chamomile flowers.", "short_description_ru": "Расслабляющий чай из цветков ромашки.", "full_description": "<p>Flori de mușețel 100% naturale, recunoscute pentru efectul calmant. Ideal seara.</p>", "full_description_ro": "<p>Flori de mușețel 100% naturale, recunoscute pentru efectul calmant. Ideal seara.</p>", "full_description_en": "<p>100% natural chamomile flowers, known for their calming effect. Ideal in the evening.</p>", "full_description_ru": "<p>100% натуральные цветки ромашки, известные успокаивающим эффектом. Идеален вечером.</p>", "img_src": "menu/chamomile-tea.jpg", "alt_text": "Ceașcă de ceai de mușețel cu flori uscate alături", "alt_text_ro": "Ceașcă de ceai de mușețel cu flori uscate alături", "alt_text_en": "Cup of chamomile tea with dried flowers beside it", "alt_text_ru": "Чашка ромашкового чая с сушёными цветами рядом", "sort_order": 3, "is_active": true, "created_at": "2026-06-30T12:32:43.413Z", "updated_at": "2026-07-05T09:57:17.633Z"}}, {"model": "menu.menuproduct", "pk": "fee5bfd6-b6fb-4267-a686-eb7f4785d0d7", "fields": {"category": "4214fb4c-fb10-4989-a8be-04d4a73319d0", "name": "Croissant cu unt", "name_ro": "Croissant cu unt", "name_en": "Butter Croissant", "name_ru": "Круассан со сливочным маслом", "slug": "croissant-cu-unt", "price": "30.00", "weight_g": 80, "short_description": "Croissant clasic, foietaj franțuzesc.", "short_description_ro": "Croissant clasic, foietaj franțuzesc.", "short_description_en": "Classic croissant, French puff pastry.", "short_description_ru": "Классический круассан, французское слоёное тесто.", "full_description": "<p>Preparat după rețeta tradițională franțuzească, cu <strong>27 de straturi</strong> de aluat și unt de calitate superioară.</p>", "full_description_ro": "<p>Preparat după rețeta tradițională franțuzească, cu <strong>27 de straturi</strong> de aluat și unt de calitate superioară.</p>", "full_description_en": "<p>Made following the traditional French recipe, with <strong>27 layers</strong> of dough and premium butter.</p>", "full_description_ru": "<p>Готовится по традиционному французскому рецепту, с <strong>27 слоями</strong> теста и качественным маслом.</p>", "img_src": "menu/culinary_collective_croissants-Recipe-2400x1000-1.jpg", "alt_text": "Croissant auriu cu unt pe o farfurie de lemn", "alt_text_ro": "Croissant auriu cu unt pe o farfurie de lemn", "alt_text_en": "Golden butter croissant on a wooden plate", "alt_text_ru": "Золотистый масляный круассан на деревянной тарелке", "sort_order": 0, "is_active": true, "created_at": "2026-06-30T12:32:43.430Z", "updated_at": "2026-07-05T09:58:11.182Z"}}, {"model": "core.siteimage", "pk": "c10f9feb-7d08-40be-930d-4e75a951d705", "fields": {"key": "logo", "description": "Website logo", "img_src": "site/Fiesta_Gastro_cafe-modified.png", "alt_text": "Fiesta Gastro Cafe", "created_at": "2026-06-29T16:01:37.666Z", "updated_at": "2026-07-05T10:12:08.512Z"}}, {"model": "core.sitesetting", "pk": "28653fd4-ea23-4012-9da8-8c680afb5b13", "fields": {"key": "weekend_days", "value": "Sâmbătă : 09:00 - 16:00\r\nDuminică : zi liberă", "value_ro": "Sâmbătă : 09:00 - 16:00\r\nDuminică : zi liberă", "value_en": "Saturday: 09:00 - 16:00\r\nSunday: day off", "value_ru": "Суббота: 09:00 – 16:00\r\nВоскресенье: выходной", "description": "Orarul zilelor de weekend", "created_at": "2026-06-29T16:15:23.402Z", "updated_at": "2026-06-29T16:15:23.402Z"}}, {"model": "core.sitesetting", "pk": "8465d641-7d85-46d0-8c07-0626acc2cd19", "fields": {"key": "phone", "value": "+373 69 123 456", "value_ro": "+373 69 123 456", "value_en": "", "value_ru": "", "description": "", "created_at": "2026-06-29T16:05:00.648Z", "updated_at": "2026-06-29T16:05:53.466Z"}}, {"model": "core.sitesetting", "pk": "a4a23aea-3b44-4077-a6cf-b93966abf21d", "fields": {"key": "working_days", "value": "Luni - Vineri : 08:00 - 18:00", "value_ro": "Luni - Vineri : 08:00 - 18:00", "value_en": "Monday - Friday : 08:00 - 18:00", "value_ru": "Понедельник - Пятница : 08:00 - 18:00", "description": "Orarul zilelor de lucru", "created_at": "2026-06-29T16:12:05.072Z", "updated_at": "2026-06-29T16:13:06.518Z"}}, {"model": "core.sitesetting", "pk": "ac2b3bb1-7a16-42fa-a409-3977bb2d9465", "fields": {"key": "mission", "value": "Misiunea noastră este să creăm bucurie prin arome și cafea.", "value_ro": "Misiunea noastră este să creăm bucurie prin arome și cafea.", "value_en": "Our mission is creating joy through vibrant flavors and coffee.", "value_ru": "Наша миссия — дарить радость через яркие вкусы и кофе.", "description": "Misiunea care apare in subsolul paginii", "created_at": "2026-06-29T16:18:29.453Z", "updated_at": "2026-06-29T16:19:42.282Z"}}, {"model": "core.sitesetting", "pk": "b7d47a3a-3583-42c7-b7c7-fd655798ae11", "fields": {"key": "address", "value": "Bulevardul Moscova 11/1, MD-2068, Chișinău, Moldova", "value_ro": "Bulevardul Moscova 11/1, MD-2068, Chișinău, Moldova", "value_en": "", "value_ru": "", "description": "Adresa magazinului", "created_at": "2026-06-29T16:08:28.913Z", "updated_at": "2026-06-29T16:09:25.526Z"}}, {"model": "core.sitesetting", "pk": "d0374522-f3e2-400f-b6f9-41d9b54958ea", "fields": {"key": "email", "value": "fiestagastrocafe@gmail.com", "value_ro": "fiestagastrocafe@gmail.com", "value_en": "", "value_ru": "", "description": "", "created_at": "2026-06-29T16:07:05.698Z", "updated_at": "2026-06-29T16:07:05.698Z"}}, {"model": "core.sitesetting", "pk": "d8ffda12-151d-4966-a5b4-61dd7ede9c49", "fields": {"key": "facebook_link", "value": "https://www.facebook.com/matchacafe.md/", "value_ro": "https://www.facebook.com/matchacafe.md/", "value_en": "", "value_ru": "", "description": "", "created_at": "2026-06-29T16:20:52.548Z", "updated_at": "2026-06-29T16:20:52.548Z"}}, {"model": "core.sitesetting", "pk": "d9c2d5e4-61b8-48f1-8308-d075d17914c3", "fields": {"key": "instagram_link", "value": "https://www.instagram.com/instant.cafe.md/", "value_ro": "https://www.instagram.com/instant.cafe.md/", "value_en": "", "value_ru": "", "description": "", "created_at": "2026-06-29T16:21:29.725Z", "updated_at": "2026-06-29T16:21:29.725Z"}}, {"model": "core.sitesetting", "pk": "fa7e4bf4-51e3-48a6-8af5-6d34983cb440", "fields": {"key": "footer_copyright", "value": "© 2026 Fiesta Gastro Cafe. Toate drepturile rezervate.", "value_ro": "© 2026 Fiesta Gastro Cafe. Toate drepturile rezervate.", "value_en": "© 2026 Fiesta Gastro Cafe. All rights reserved.", "value_ru": "© 2026 Fiesta Gastro Cafe. Все права защищены.", "description": "", "created_at": "2026-06-29T16:24:37.184Z", "updated_at": "2026-06-29T16:24:37.184Z"}}, {"model": "core.page", "pk": "0b6b3576-680f-4705-939a-d8a12617712a", "fields": {"name": "Evenimente Out Door", "name_ro": "Evenimente Out Door", "name_en": "Outdoor Events", "name_ru": "Мероприятия На Открытом Воздухе", "slug": "evenimente-out-door", "is_published": true, "created_at": "2026-07-01T17:38:10.304Z", "updated_at": "2026-07-05T10:09:51.672Z"}}, {"model": "core.page", "pk": "48272060-2c6a-4046-91e5-84b73f0366c6", "fields": {"name": "Caritate", "name_ro": "Caritate", "name_en": "Charity", "name_ru": "Благотворительность", "slug": "caritate", "is_published": true, "created_at": "2026-07-01T17:38:46.683Z", "updated_at": "2026-07-05T10:09:37.123Z"}}, {"model": "core.page", "pk": "7cdcea35-bc38-4e2b-936a-b43ca3c30bd5", "fields": {"name": "Meniu", "name_ro": "Meniu", "name_en": "Menu", "name_ru": "Меню", "slug": "meniu", "is_published": true, "created_at": "2026-06-29T16:32:34.004Z", "updated_at": "2026-07-05T10:09:22.615Z"}}, {"model": "core.page", "pk": "cfb3b7f6-1927-4342-ae1d-a89e164c0ccc", "fields": {"name": "Despre Noi", "name_ro": "Despre Noi", "name_en": "About Us", "name_ru": "О нас", "slug": "despre-noi", "is_published": true, "created_at": "2026-07-01T12:09:22.997Z", "updated_at": "2026-07-05T10:09:06.354Z"}}, {"model": "core.pagehero", "pk": "10398780-1e15-461e-b3d2-9d6429ae113c", "fields": {"page": "48272060-2c6a-4046-91e5-84b73f0366c6", "main_text": "Fiecare Ceașcă Ajută", "main_text_ro": "Fiecare Ceașcă Ajută", "main_text_en": "Every Cup Gives Back", "main_text_ru": "Каждая Чашка Помогает", "secondary_text": "O parte din fiecare comandă susține familii, școli și adăposturi locale din Chișinău.", "secondary_text_ro": "O parte din fiecare comandă susține familii, școli și adăposturi locale din Chișinău.", "secondary_text_en": "A portion of every order supports local families, schools, and shelters across Chișinău.", "secondary_text_ru": "Часть каждого заказа поддерживает местные семьи, школы и приюты Кишинёва.", "img_src": "heroes/ChatGPT_Image_Jul_2_2026_11_16_51_AM.png", "alt_text": "Personalul Fiesta oferind mese donate la un adăpost comunitar", "alt_text_ro": "Personalul Fiesta oferind mese donate la un adăpost comunitar", "alt_text_en": "Fiesta staff handing out donated meals at a community shelter", "alt_text_ru": "Сотрудники Fiesta раздают пожертвованную еду в приюте", "created_at": "2026-07-01T17:38:46.711Z", "updated_at": "2026-07-05T10:09:37.623Z"}}, {"model": "core.pagehero", "pk": "123d6554-6578-4fbe-9109-1eaf2cf37355", "fields": {"page": "7cdcea35-bc38-4e2b-936a-b43ca3c30bd5", "main_text": "Simte Diferența", "main_text_ro": "Simte Diferența", "main_text_en": "Taste the Difference", "main_text_ru": "Почувствуйте разницу", "secondary_text": "Fiecare cafea, fiecare preparat și fiecare ingredient sunt alese cu grijă pentru a-ți oferi o experiență autentică într-o cafenea primitoare", "secondary_text_ro": "Fiecare cafea, fiecare preparat și fiecare ingredient sunt alese cu grijă pentru a-ți oferi o experiență autentică într-o cafenea primitoare", "secondary_text_en": "Every cup, every bite, and every ingredient is thoughtfully selected to deliver an unforgettable café experience", "secondary_text_ru": "Каждая чашка кофе, каждое блюдо и каждый ингредиент тщательно подобраны, чтобы подарить вам незабываемую атмосферу и вкус настоящего кафе", "img_src": "heroes/ChatGPT_Image_Jul_1_2026_02_25_35_PM.png", "alt_text": "O masă din lemn frumos amenajată cu un brunch proaspăt, cafea artizanală și preparate culinare pline de culoare la Fiesta Gastro Cafe", "alt_text_ro": "O masă din lemn frumos amenajată cu un brunch proaspăt, cafea artizanală și preparate culinare pline de culoare la Fiesta Gastro Cafe", "alt_text_en": "A beautifully styled wooden table featuring a fresh brunch spread, artisan coffee, and vibrant culinary dishes at Fiesta Gastro Cafe", "alt_text_ru": "Красиво сервированный деревянный стол со свежим бранчем, крафтовым кофе и яркими кулинарными блюдами в Fiesta Gastro Cafe", "created_at": "2026-06-29T16:32:34.062Z", "updated_at": "2026-07-05T10:09:23.107Z"}}, {"model": "core.pagehero", "pk": "6f18d06d-513f-4068-ae5b-5219d98bcb70", "fields": {"page": "0b6b3576-680f-4705-939a-d8a12617712a", "main_text": "Viața Se Întâmplă Afară", "main_text_ro": "Viața Se Întâmplă Afară", "main_text_en": "Life Happens Outside", "main_text_ru": "Жизнь Происходит На Улице", "secondary_text": "Terasa noastră cu grădină prinde viață cu muzică, târguri și întâlniri — cadrul perfect pentru companie bună sub cerul liber.", "secondary_text_ro": "Terasa noastră cu grădină prinde viață cu muzică, târguri și întâlniri — cadrul perfect pentru companie bună sub cerul liber.", "secondary_text_en": "Our garden terrace comes alive with music, markets, and gatherings — the perfect backdrop for good company under the open sky.", "secondary_text_ru": "Наша садовая терраса оживает под музыку, ярмарки и встречи — идеальное место для хорошей компании под открытым небом.", "img_src": "heroes/ChatGPT_Image_Jul_1_2026_09_10_06_PM.png", "alt_text": "Ghirlande luminoase și mese din lemn pe terasa Fiesta Gastro Cafe la apus", "alt_text_ro": "Ghirlande luminoase și mese din lemn pe terasa Fiesta Gastro Cafe la apus", "alt_text_en": "String lights and wooden tables on the outdoor terrace of Fiesta Gastro Cafe at sunset", "alt_text_ru": "Гирлянды и деревянные столы на террасе Fiesta Gastro Cafe на закате", "created_at": "2026-07-01T17:38:10.334Z", "updated_at": "2026-07-05T10:09:53.162Z"}}, {"model": "core.pagehero", "pk": "f2721373-e3f0-4bdf-8c0a-7220cdf86fb7", "fields": {"page": "cfb3b7f6-1927-4342-ae1d-a89e164c0ccc", "main_text": "Unde Fiecare Ceașcă Spune o Poveste", "main_text_ro": "Unde Fiecare Ceașcă Spune o Poveste", "main_text_en": "Where Every Cup Tells a Story", "main_text_ru": "Где Каждая Чашка Рассказывает Историю", "secondary_text": "Un colț primitor în inima orașului — creat pentru cei care apreciază cafeaua bună, atmosfera caldă și ospitalitatea autentică.", "secondary_text_ro": "Un colț primitor în inima orașului — creat pentru cei care apreciază cafeaua bună, atmosfera caldă și ospitalitatea autentică.", "secondary_text_en": "A cozy corner in the heart of the city — crafted for those who appreciate good coffee, warm atmosphere, and genuine hospitality.", "secondary_text_ru": "Уютный уголок в сердце города — созданный для тех, кто ценит хороший кофе, тёплую атмосферу и искреннее гостеприимство.", "img_src": "heroes/ChatGPT_Image_Jul_1_2026_03_02_23_PM.png", "alt_text": "Interiorul Fiesta Gastro Cafe cu lumină caldă și mobilier din lemn", "alt_text_ro": "Interiorul Fiesta Gastro Cafe cu lumină caldă și mobilier din lemn", "alt_text_en": "Interior of Fiesta Gastro Cafe with warm lighting and wooden furniture", "alt_text_ru": "Интерьер Fiesta Gastro Cafe с тёплым освещением и деревянной мебелью", "created_at": "2026-07-01T14:07:52.082Z", "updated_at": "2026-07-05T10:09:06.864Z"}}, {"model": "core.pagesection", "pk": "0fd95442-5f1f-449a-8cde-406e84957f12", "fields": {"polymorphic_ctype": ["core", "videosection"], "page": "0b6b3576-680f-4705-939a-d8a12617712a", "sort_order": 1, "is_published": true, "created_at": "2026-07-01T17:38:10.384Z", "updated_at": "2026-07-01T18:06:33.975Z"}}, {"model": "core.pagesection", "pk": "24e5772d-83e8-45e1-80ac-f59e8aa66de7", "fields": {"polymorphic_ctype": ["core", "wideimagesection"], "page": "0b6b3576-680f-4705-939a-d8a12617712a", "sort_order": 1, "is_published": true, "created_at": "2026-07-01T17:38:10.361Z", "updated_at": "2026-07-05T10:17:18.084Z"}}, {"model": "core.pagesection", "pk": "2639a6e9-0827-411e-8b57-f018a0b1a1e1", "fields": {"polymorphic_ctype": ["core", "tightimagesection"], "page": "0b6b3576-680f-4705-939a-d8a12617712a", "sort_order": 1, "is_published": true, "created_at": "2026-07-01T17:38:10.411Z", "updated_at": "2026-07-05T10:14:26.735Z"}}, {"model": "core.pagesection", "pk": "2b761752-a0e9-4311-9f70-bf669ebf3893", "fields": {"polymorphic_ctype": ["core", "tightimagesection"], "page": "cfb3b7f6-1927-4342-ae1d-a89e164c0ccc", "sort_order": 3, "is_published": true, "created_at": "2026-07-01T14:07:52.126Z", "updated_at": "2026-07-05T10:15:16.467Z"}}, {"model": "core.pagesection", "pk": "4180aefa-5362-4579-81a9-4e5b34593f82", "fields": {"polymorphic_ctype": ["core", "wideimagesection"], "page": "0b6b3576-680f-4705-939a-d8a12617712a", "sort_order": 2, "is_published": true, "created_at": "2026-07-01T17:38:10.372Z", "updated_at": "2026-07-05T10:17:34.706Z"}}, {"model": "core.pagesection", "pk": "55db9250-113b-4b22-9cec-edb8e4bd6f15", "fields": {"polymorphic_ctype": ["core", "videosection"], "page": "48272060-2c6a-4046-91e5-84b73f0366c6", "sort_order": 1, "is_published": true, "created_at": "2026-07-01T17:38:46.740Z", "updated_at": "2026-07-01T18:06:29.438Z"}}, {"model": "core.pagesection", "pk": "5c1bfc9a-40f1-41f7-9db5-787c754ad259", "fields": {"polymorphic_ctype": ["core", "videosection"], "page": "cfb3b7f6-1927-4342-ae1d-a89e164c0ccc", "sort_order": 6, "is_published": true, "created_at": "2026-07-01T14:07:52.120Z", "updated_at": "2026-07-01T18:06:39.224Z"}}, {"model": "core.pagesection", "pk": "7752233a-d2a6-4bb9-837c-bbfce580046b", "fields": {"polymorphic_ctype": ["core", "videosection"], "page": "0b6b3576-680f-4705-939a-d8a12617712a", "sort_order": 0, "is_published": true, "created_at": "2026-07-01T17:38:10.379Z", "updated_at": "2026-07-01T18:06:06.294Z"}}, {"model": "core.pagesection", "pk": "7ae5657f-d341-4d46-895e-578792d1bbd5", "fields": {"polymorphic_ctype": ["core", "tightimagesection"], "page": "48272060-2c6a-4046-91e5-84b73f0366c6", "sort_order": 0, "is_published": true, "created_at": "2026-07-01T17:38:46.745Z", "updated_at": "2026-07-05T10:13:57.078Z"}}, {"model": "core.pagesection", "pk": "80101949-837c-420b-9d73-db9d51ea3a99", "fields": {"polymorphic_ctype": ["core", "wideimagesection"], "page": "cfb3b7f6-1927-4342-ae1d-a89e164c0ccc", "sort_order": 7, "is_published": true, "created_at": "2026-07-01T14:07:52.098Z", "updated_at": "2026-07-05T10:17:46.997Z"}}, {"model": "core.pagesection", "pk": "959aff74-c678-4594-8535-716ce6361d0f", "fields": {"polymorphic_ctype": ["core", "reelssection"], "page": "0b6b3576-680f-4705-939a-d8a12617712a", "sort_order": 0, "is_published": true, "created_at": "2026-07-01T17:38:10.424Z", "updated_at": "2026-07-01T18:04:07.790Z"}}, {"model": "core.pagesection", "pk": "9659b419-68b5-40ed-b92d-dca8f458cd65", "fields": {"polymorphic_ctype": ["core", "videosection"], "page": "cfb3b7f6-1927-4342-ae1d-a89e164c0ccc", "sort_order": 1, "is_published": true, "created_at": "2026-07-01T14:07:52.112Z", "updated_at": "2026-07-01T18:06:13.571Z"}}, {"model": "core.pagesection", "pk": "9abd85bf-84c0-4f4b-90cd-27ff5558cb9e", "fields": {"polymorphic_ctype": ["core", "wideimagesection"], "page": "cfb3b7f6-1927-4342-ae1d-a89e164c0ccc", "sort_order": 0, "is_published": true, "created_at": "2026-07-01T14:07:52.087Z", "updated_at": "2026-07-05T10:16:40.906Z"}}, {"model": "core.pagesection", "pk": "9c57c6ec-5a1e-46a3-9a16-5e354b3e5194", "fields": {"polymorphic_ctype": ["core", "reelssection"], "page": "cfb3b7f6-1927-4342-ae1d-a89e164c0ccc", "sort_order": 8, "is_published": true, "created_at": "2026-07-01T14:07:52.174Z", "updated_at": "2026-07-01T17:51:32.205Z"}}, {"model": "core.pagesection", "pk": "a38e27bf-dcd3-4481-9679-c31a36070981", "fields": {"polymorphic_ctype": ["core", "wideimagesection"], "page": "48272060-2c6a-4046-91e5-84b73f0366c6", "sort_order": 1, "is_published": true, "created_at": "2026-07-01T17:38:46.724Z", "updated_at": "2026-07-05T10:17:03.516Z"}}, {"model": "core.pagesection", "pk": "b64a3050-aec1-4baa-8a5d-1c5c6072a299", "fields": {"polymorphic_ctype": ["core", "wideimagesection"], "page": "0b6b3576-680f-4705-939a-d8a12617712a", "sort_order": 0, "is_published": true, "created_at": "2026-07-01T17:38:10.348Z", "updated_at": "2026-07-05T10:16:27.832Z"}}, {"model": "core.pagesection", "pk": "b7172bb7-d017-4358-8788-87e3632b73f3", "fields": {"polymorphic_ctype": ["core", "reelssection"], "page": "0b6b3576-680f-4705-939a-d8a12617712a", "sort_order": 1, "is_published": true, "created_at": "2026-07-01T17:38:10.440Z", "updated_at": "2026-07-01T18:04:53.744Z"}}, {"model": "core.pagesection", "pk": "b9ea573f-8588-46cb-9c3e-b3edce9adddc", "fields": {"polymorphic_ctype": ["core", "wideimagesection"], "page": "48272060-2c6a-4046-91e5-84b73f0366c6", "sort_order": 0, "is_published": true, "created_at": "2026-07-01T17:38:46.718Z", "updated_at": "2026-07-05T10:16:14.823Z"}}, {"model": "core.pagesection", "pk": "ca8439d4-849e-4f86-87e6-5bb27336b6ba", "fields": {"polymorphic_ctype": ["core", "tightimagesection"], "page": "cfb3b7f6-1927-4342-ae1d-a89e164c0ccc", "sort_order": 5, "is_published": true, "created_at": "2026-07-01T14:07:52.141Z", "updated_at": "2026-07-05T10:15:51.574Z"}}, {"model": "core.pagesection", "pk": "e7ac7239-625e-4aad-9ac6-d7498b601429", "fields": {"polymorphic_ctype": ["core", "tightimagesection"], "page": "0b6b3576-680f-4705-939a-d8a12617712a", "sort_order": 0, "is_published": true, "created_at": "2026-07-01T17:38:10.391Z", "updated_at": "2026-07-05T10:13:29.419Z"}}, {"model": "core.pagesection", "pk": "ee157d2a-79be-4ae9-aa26-2f4b562345b3", "fields": {"polymorphic_ctype": ["core", "reelssection"], "page": "48272060-2c6a-4046-91e5-84b73f0366c6", "sort_order": 0, "is_published": true, "created_at": "2026-07-01T17:38:46.765Z", "updated_at": "2026-07-01T18:03:52.870Z"}}, {"model": "core.pagesection", "pk": "fe130999-2b32-4e92-81eb-4941db4243c6", "fields": {"polymorphic_ctype": ["core", "videosection"], "page": "48272060-2c6a-4046-91e5-84b73f0366c6", "sort_order": 0, "is_published": true, "created_at": "2026-07-01T17:38:46.737Z", "updated_at": "2026-07-01T18:06:00.296Z"}}, {"model": "core.wideimagesection", "pk": "b64a3050-aec1-4baa-8a5d-1c5c6072a299", "fields": {"title": "Terasa Noastră cu Grădină", "title_ro": "Terasa Noastră cu Grădină", "title_en": "Our Garden Terrace", "title_ru": "Наша Садовая Терраса", "short_description": "O oază verde în oraș — mese umbrite, aer curat și spațiu pentru până la 60 de oaspeți.", "short_description_ro": "O oază verde în oraș — mese umbrite, aer curat și spațiu pentru până la 60 de oaspeți.", "short_description_en": "A green oasis in the city — shaded tables, fresh air, and space for up to 60 guests.", "short_description_ru": "Зелёный оазис в городе — тенистые столы, свежий воздух и места для 60 гостей.", "full_description": "<p>Deschisă &icirc;n <strong>2019</strong>, terasa noastră a transformat o curte neutilizată &icirc;ntr-unul dintre locurile preferate din aer liber din Chișinău.</p>\r\n<p>&Icirc;nconjurată de măslini &icirc;n ghivece și viță-de-vie, oferă o alternativă mai liniștită față de sala principală &mdash; ideală pentru pr&acirc;nzuri lungi sau băuturi de seară.</p>\r\n<ul>\r\n<li>Copertină retractabilă pentru soare sau ploaie ușoară</li>\r\n<li>Zonă de relaxare prietenoasă cu animalele</li>\r\n<li>Bar &icirc;n aer liber cu meniul complet de băuturi</li>\r\n</ul>\r\n<p>Curioși ce se &icirc;nt&acirc;mplă săptăm&acirc;na aceasta? <a href=\"../../../../../events\">Consultați calendarul nostru de evenimente</a>.</p>", "full_description_ro": "<p>Deschisă &icirc;n <strong>2019</strong>, terasa noastră a transformat o curte neutilizată &icirc;ntr-unul dintre locurile preferate din aer liber din Chișinău.</p>\r\n<p>&Icirc;nconjurată de măslini &icirc;n ghivece și viță-de-vie, oferă o alternativă mai liniștită față de sala principală &mdash; ideală pentru pr&acirc;nzuri lungi sau băuturi de seară.</p>\r\n<ul>\r\n<li>Copertină retractabilă pentru soare sau ploaie ușoară</li>\r\n<li>Zonă de relaxare prietenoasă cu animalele</li>\r\n<li>Bar &icirc;n aer liber cu meniul complet de băuturi</li>\r\n</ul>\r\n<p>Curioși ce se &icirc;nt&acirc;mplă săptăm&acirc;na aceasta? <a href=\"../../../../../events\">Consultați calendarul nostru de evenimente</a>.</p>", "full_description_en": "<p>Opened in <strong>2019</strong>, our terrace transformed an unused courtyard into one of Chișinău's favorite outdoor spots.</p>\r\n<p>Surrounded by potted olive trees and climbing vines, it offers a quieter alternative to the main hall &mdash; ideal for long lunches or evening drinks.</p>\r\n<ul>\r\n<li>Retractable awning for sun or light rain</li>\r\n<li>Pet-friendly seating area</li>\r\n<li>Outdoor bar serving the full drinks menu</li>\r\n</ul>\r\n<p>Curious what's on this week? <a href=\"../../../../../events\">Check our events calendar</a>.</p>", "full_description_ru": "<p>Открытая в <strong>2019</strong> году, наша терраса превратила неиспользуемый дворик в одно из любимых мест Кишинёва под открытым небом.</p>\r\n<p>Окружённая оливковыми деревьями в кадках и виноградной лозой, она предлагает более спокойную альтернативу главному залу &mdash; идеально для долгих обедов или вечерних напитков.</p>\r\n<ul>\r\n<li>Раздвижной тент от солнца и лёгкого дождя</li>\r\n<li>Зона, дружелюбная к питомцам</li>\r\n<li>Уличный бар с полным меню напитков</li>\r\n</ul>\r\n<p>Интересно, что происходит на этой неделе? <a href=\"../../../../../events\">Смотрите наш календарь мероприятий</a>.</p>", "img_src": "sections/wide_image/ChatGPT_Image_Jul_1_2026_08_59_15_PM.png", "alt_text": "Oaspeți relaxându-se la mese umbrite pe terasa cu grădină a Fiesta Gastro Cafe", "alt_text_ro": "Oaspeți relaxându-se la mese umbrite pe terasa cu grădină a Fiesta Gastro Cafe", "alt_text_en": "Guests relaxing at shaded tables on Fiesta Gastro Cafe's garden terrace", "alt_text_ru": "Гости отдыхают за тенистыми столами на садовой террасе Fiesta Gastro Cafe"}}, {"model": "core.wideimagesection", "pk": "b9ea573f-8588-46cb-9c3e-b3edce9adddc", "fields": {"title": "Mese Care Contează", "title_ro": "Mese Care Contează", "title_en": "Meals That Matter", "title_ru": "Еда, Которая Важна", "short_description": "Surplusul de mâncare este redirecționat zilnic către familii nevoiașe, în loc de coșul de gunoi.", "short_description_ro": "Surplusul de mâncare este redirecționat zilnic către familii nevoiașe, în loc de coșul de gunoi.", "short_description_en": "Surplus food redirected daily to families in need instead of the trash.", "short_description_ru": "Излишки еды ежедневно передаются нуждающимся семьям вместо утилизации.", "full_description": "<p>Din <strong>2021</strong>, Fiesta colaborează cu adăposturi locale pentru a redistribui zilnic m&acirc;ncarea nev&acirc;ndută.</p>\r\n<p>Peste <em>3.000 de mese</em> au fost donate p&acirc;nă acum, fără costuri pentru oaspeți.</p>\r\n<ul>\r\n<li>Ridicare zilnică la ora 21:00</li>\r\n<li>Parteneriat cu 4 adăposturi</li>\r\n<li>Evidență completă &icirc;n registrul nostru de sustenabilitate</li>\r\n</ul>\r\n<p>Vrei să ajuți? <a href=\"../../../../../contact\">Contactează-ne</a>.</p>", "full_description_ro": "<p>Din <strong>2021</strong>, Fiesta colaborează cu adăposturi locale pentru a redistribui zilnic m&acirc;ncarea nev&acirc;ndută.</p>\r\n<p>Peste <em>3.000 de mese</em> au fost donate p&acirc;nă acum, fără costuri pentru oaspeți.</p>\r\n<ul>\r\n<li>Ridicare zilnică la ora 21:00</li>\r\n<li>Parteneriat cu 4 adăposturi</li>\r\n<li>Evidență completă &icirc;n registrul nostru de sustenabilitate</li>\r\n</ul>\r\n<p>Vrei să ajuți? <a href=\"../../../../../contact\">Contactează-ne</a>.</p>", "full_description_en": "<p>Since <strong>2021</strong>, Fiesta has partnered with local shelters to redistribute unsold food at the end of each day.</p>\r\n<p>Over <em>3,000 meals</em> have been donated so far, with no cost to guests.</p>\r\n<ul>\r\n<li>Daily pickup at 9 PM</li>\r\n<li>Partnered with 4 shelters</li>\r\n<li>Fully tracked via our sustainability log</li>\r\n</ul>\r\n<p>Want to help? <a href=\"../../../../../contact\">Reach out</a>.</p>", "full_description_ru": "<p>С <strong>2021 года</strong> Fiesta сотрудничает с местными приютами, ежедневно передавая непроданную еду.</p>\r\n<p>Уже пожертвовано более <em>3 000 порций</em>, бесплатно для гостей.</p>\r\n<ul>\r\n<li>Ежедневный забор в 21:00</li>\r\n<li>Партнёрство с 4 приютами</li>\r\n<li>Полный учёт в журнале устойчивости</li>\r\n</ul>\r\n<p>Хотите помочь? <a href=\"../../../../../contact\">Свяжитесь с нами</a>.</p>", "img_src": "sections/wide_image/ChatGPT_Image_1_iul._2026_22_04_50.png", "alt_text": "Cutii cu mâncare donată pregătite pentru ridicare lângă bucătăria Fiesta", "alt_text_ro": "Cutii cu mâncare donată pregătite pentru ridicare lângă bucătăria Fiesta", "alt_text_en": "Boxes of donated food ready for pickup outside Fiesta's kitchen", "alt_text_ru": "Коробки с пожертвованной едой готовы к вывозу у кухни Fiesta"}}, {"model": "core.wideimagesection", "pk": "9abd85bf-84c0-4f4b-90cd-27ff5558cb9e", "fields": {"title": "Povestea Noastră", "title_ro": "Povestea Noastră", "title_en": "Our Story", "title_ru": "Наша История", "short_description": "De la un vis simplu la un loc de întâlnire iubit — călătoria Fiesta Gastro Cafe.", "short_description_ro": "De la un vis simplu la un loc de întâlnire iubit — călătoria Fiesta Gastro Cafe.", "short_description_en": "From a simple dream to a beloved gathering place — the journey of Fiesta Gastro Cafe.", "short_description_ru": "От простой мечты до любимого места встреч — история Fiesta Gastro Cafe.", "full_description": "<p>Fiesta Gastro Cafe s-a născut &icirc;n <strong>2015</strong> dintr-o convingere simplă: că o cafenea adevărată trebuie să se simtă ca un al doilea acasă.</p>\r\n<p>Fondatorii noștri, <em>Maria și Ion Lungu</em>, au &icirc;nceput cu un mic bar de espresso și c&acirc;teva produse de patiserie de casă. Astăzi servim sute de oaspeți zilnic, dar filosofia noastră nu s-a schimbat.</p>\r\n<ul>\r\n<li>Ingrediente locale</li>\r\n<li>Rețete artizanale transmise din generație &icirc;n generație</li>\r\n<li>Angajament față de zero risipă alimentară</li>\r\n</ul>\r\n<p>Credem că <strong>fiecare masă este o oportunitate</strong> de a crea o amintire. <a href=\"../../../../../menu\">Explorați meniul nostru</a> și găsiți momentul vostru preferat.</p>", "full_description_ro": "<p>Fiesta Gastro Cafe s-a născut &icirc;n <strong>2015</strong> dintr-o convingere simplă: că o cafenea adevărată trebuie să se simtă ca un al doilea acasă.</p>\r\n<p>Fondatorii noștri, <em>Maria și Ion Lungu</em>, au &icirc;nceput cu un mic bar de espresso și c&acirc;teva produse de patiserie de casă. Astăzi servim sute de oaspeți zilnic, dar filosofia noastră nu s-a schimbat.</p>\r\n<ul>\r\n<li>Ingrediente locale</li>\r\n<li>Rețete artizanale transmise din generație &icirc;n generație</li>\r\n<li>Angajament față de zero risipă alimentară</li>\r\n</ul>\r\n<p>Credem că <strong>fiecare masă este o oportunitate</strong> de a crea o amintire. <a href=\"../../../../../menu\">Explorați meniul nostru</a> și găsiți momentul vostru preferat.</p>", "full_description_en": "<p>Fiesta Gastro Cafe was born in <strong>2015</strong> from a simple conviction: that a great cafe should feel like a second home.</p>\r\n<p>Our founders, <em>Maria and Ion Lungu</em>, started with a small espresso bar and a handful of homemade pastries. Today, we serve hundreds of guests daily, but our philosophy has never changed.</p>\r\n<ul>\r\n<li>Locally sourced ingredients</li>\r\n<li>Handcrafted recipes passed down through generations</li>\r\n<li>A commitment to zero food waste</li>\r\n</ul>\r\n<p>We believe that <strong>every meal is an opportunity</strong> to create a memory. <a href=\"../../../../../menu\">Explore our menu</a> and find your favorite moment.</p>", "full_description_ru": "<p>Fiesta Gastro Cafe появилась в <strong>2015</strong> году из простого убеждения: настоящее кафе должно ощущаться как второй дом.</p>\r\n<p>Наши основатели, <em>Мария и Ион Лунгу</em>, начали с небольшого эспрессо-бара и домашней выпечки. Сегодня мы ежедневно обслуживаем сотни гостей, но наша философия не изменилась.</p>\r\n<ul>\r\n<li>Местные ингредиенты</li>\r\n<li>Авторские рецепты, передаваемые из поколения в поколение</li>\r\n<li>Приверженность принципу нулевых пищевых отходов</li>\r\n</ul>\r\n<p>Мы убеждены, что <strong>каждый приём пищи &mdash; это возможность</strong> создать воспоминание. <a href=\"../../../../../menu\">Изучите наше меню</a> и найдите свой любимый момент.</p>", "img_src": "sections/wide_image/ChatGPT_Image_Jul_1_2026_05_42_16_PM.png", "alt_text": "Fondatorii Fiesta Gastro Cafe în fața primului lor bar de espresso în 2015", "alt_text_ro": "Fondatorii Fiesta Gastro Cafe în fața primului lor bar de espresso în 2015", "alt_text_en": "Founders of Fiesta Gastro Cafe standing in front of their first espresso bar in 2015", "alt_text_ru": "Основатели Fiesta Gastro Cafe у своего первого эспрессо-бара в 2015 году"}}, {"model": "core.wideimagesection", "pk": "a38e27bf-dcd3-4481-9679-c31a36070981", "fields": {"title": "Cafea pentru Școli", "title_ro": "Cafea pentru Școli", "title_en": "Coffee for Schools", "title_ru": "Кофе для Школ", "short_description": "1 leu din fiecare cafea vândută finanțează rechizite școlare pentru copii din Moldova rurală.", "short_description_ro": "1 leu din fiecare cafea vândută finanțează rechizite școlare pentru copii din Moldova rurală.", "short_description_en": "1 leu from every coffee sold funds school supplies for children in rural Moldova.", "short_description_ru": "1 лей с каждой проданной чашки кофе идёт на школьные принадлежности для детей сельской Молдовы.", "full_description": "<p>Lansată &icirc;n <strong>2022</strong>, această inițiativă a str&acirc;ns peste <em>45.000 lei</em>, finanț&acirc;nd ghiozdane, cărți și rechizite pentru trei școli rurale.</p>\r\n<ol>\r\n<li>Rapoarte trimestriale transparente</li>\r\n<li>Livrate direct de echipa noastră</li>\r\n<li>Fără taxe administrative deduse</li>\r\n</ol>\r\n<table>\r\n<thead>\r\n<tr>\r\n<th>An</th>\r\n<th>Sumă Str&acirc;nsă</th>\r\n</tr>\r\n</thead>\r\n<tbody>\r\n<tr>\r\n<td>2022</td>\r\n<td>12.000 lei</td>\r\n</tr>\r\n<tr>\r\n<td>2023</td>\r\n<td>18.500 lei</td>\r\n</tr>\r\n<tr>\r\n<td>2024</td>\r\n<td>14.700 lei</td>\r\n</tr>\r\n</tbody>\r\n</table>", "full_description_ro": "<p>Lansată &icirc;n <strong>2022</strong>, această inițiativă a str&acirc;ns peste <em>45.000 lei</em>, finanț&acirc;nd ghiozdane, cărți și rechizite pentru trei școli rurale.</p>\r\n<ol>\r\n<li>Rapoarte trimestriale transparente</li>\r\n<li>Livrate direct de echipa noastră</li>\r\n<li>Fără taxe administrative deduse</li>\r\n</ol>\r\n<table>\r\n<thead>\r\n<tr>\r\n<th>An</th>\r\n<th>Sumă Str&acirc;nsă</th>\r\n</tr>\r\n</thead>\r\n<tbody>\r\n<tr>\r\n<td>2022</td>\r\n<td>12.000 lei</td>\r\n</tr>\r\n<tr>\r\n<td>2023</td>\r\n<td>18.500 lei</td>\r\n</tr>\r\n<tr>\r\n<td>2024</td>\r\n<td>14.700 lei</td>\r\n</tr>\r\n</tbody>\r\n</table>", "full_description_en": "<p>Launched in <strong>2022</strong>, this initiative has raised over <em>45,000 lei</em>, funding backpacks, books, and supplies for three rural schools.</p>\r\n<ol>\r\n<li>Transparent quarterly reports</li>\r\n<li>Delivered directly by our team</li>\r\n<li>No admin fees deducted</li>\r\n</ol>\r\n<table>\r\n<thead>\r\n<tr>\r\n<th>Year</th>\r\n<th>Raised</th>\r\n</tr>\r\n</thead>\r\n<tbody>\r\n<tr>\r\n<td>2022</td>\r\n<td>12,000 lei</td>\r\n</tr>\r\n<tr>\r\n<td>2023</td>\r\n<td>18,500 lei</td>\r\n</tr>\r\n<tr>\r\n<td>2024</td>\r\n<td>14,700 lei</td>\r\n</tr>\r\n</tbody>\r\n</table>", "full_description_ru": "<p>Запущенная в <strong>2022 году</strong>, инициатива собрала более <em>45 000 леев</em> на рюкзаки, книги и принадлежности для трёх сельских школ.</p>\r\n<ol>\r\n<li>Прозрачные квартальные отчёты</li>\r\n<li>Доставка силами нашей команды</li>\r\n<li>Без административных удержаний</li>\r\n</ol>\r\n<table>\r\n<thead>\r\n<tr>\r\n<th>Год</th>\r\n<th>Собрано</th>\r\n</tr>\r\n</thead>\r\n<tbody>\r\n<tr>\r\n<td>2022</td>\r\n<td>12 000 леев</td>\r\n</tr>\r\n<tr>\r\n<td>2023</td>\r\n<td>18 500 леев</td>\r\n</tr>\r\n<tr>\r\n<td>2024</td>\r\n<td>14 700 леев</td>\r\n</tr>\r\n</tbody>\r\n</table>", "img_src": "sections/wide_image/ChatGPT_Image_1_iul._2026_22_07_53.png", "alt_text": "Echipa Fiesta livrând rechizite școlare copiilor dintr-o școală rurală din Moldova", "alt_text_ro": "Echipa Fiesta livrând rechizite școlare copiilor dintr-o școală rurală din Moldova", "alt_text_en": "Fiesta team delivering school supplies to children at a rural Moldovan school", "alt_text_ru": "Команда Fiesta доставляет школьные принадлежности детям в сельской школе Молдовы"}}, {"model": "core.wideimagesection", "pk": "24e5772d-83e8-45e1-80ac-f59e8aa66de7", "fields": {"title": "Serile de Muzică Live de Vară", "title_ro": "Serile de Muzică Live de Vară", "title_en": "Summer Live Music Nights", "title_ru": "Летние Вечера Живой Музыки", "short_description": "Formații locale și seturi acustice transformă fiecare seară de vineri într-un mic concert în aer liber.", "short_description_ro": "Formații locale și seturi acustice transformă fiecare seară de vineri într-un mic concert în aer liber.", "short_description_en": "Local bands and acoustic sets turn every Friday evening into a small open-air concert.", "short_description_ru": "Местные группы и акустические выступления превращают каждый пятничный вечер в небольшой концерт под открытым небом.", "full_description": "<p>Din <strong>iunie p&acirc;nă &icirc;n septembrie</strong>, scena de pe terasa noastră găzduiește muzicieni locali &icirc;n fiecare vineri seara, de la ora 20:00.</p>\r\n<p>Programul combină triouri de jazz, cantautori și, uneori, invitați surpriză &mdash; totul pe fundalul ghirlandelor luminoase și al mirosului de frigărui.</p>\r\n<ol>\r\n<li>Fără taxă de intrare, veniți pur și simplu</li>\r\n<li>Locuri limitate &mdash; rezervări recomandate</li>\r\n<li>Potrivit pentru familii p&acirc;nă la ora 21:00</li>\r\n</ol>\r\n<table>\r\n<thead>\r\n<tr>\r\n<th>Lună</th>\r\n<th>Participare Medie</th>\r\n</tr>\r\n</thead>\r\n<tbody>\r\n<tr>\r\n<td>Iunie</td>\r\n<td>45</td>\r\n</tr>\r\n<tr>\r\n<td>Iulie</td>\r\n<td>60</td>\r\n</tr>\r\n<tr>\r\n<td>August</td>\r\n<td>58</td>\r\n</tr>\r\n</tbody>\r\n</table>", "full_description_ro": "<p>Din <strong>iunie p&acirc;nă &icirc;n septembrie</strong>, scena de pe terasa noastră găzduiește muzicieni locali &icirc;n fiecare vineri seara, de la ora 20:00.</p>\r\n<p>Programul combină triouri de jazz, cantautori și, uneori, invitați surpriză &mdash; totul pe fundalul ghirlandelor luminoase și al mirosului de frigărui.</p>\r\n<ol>\r\n<li>Fără taxă de intrare, veniți pur și simplu</li>\r\n<li>Locuri limitate &mdash; rezervări recomandate</li>\r\n<li>Potrivit pentru familii p&acirc;nă la ora 21:00</li>\r\n</ol>\r\n<table>\r\n<thead>\r\n<tr>\r\n<th>Lună</th>\r\n<th>Participare Medie</th>\r\n</tr>\r\n</thead>\r\n<tbody>\r\n<tr>\r\n<td>Iunie</td>\r\n<td>45</td>\r\n</tr>\r\n<tr>\r\n<td>Iulie</td>\r\n<td>60</td>\r\n</tr>\r\n<tr>\r\n<td>August</td>\r\n<td>58</td>\r\n</tr>\r\n</tbody>\r\n</table>", "full_description_en": "<p>From <strong>June to September</strong>, our terrace stage hosts local musicians every Friday night starting at 8 PM.</p>\r\n<p>The lineup mixes jazz trios, singer-songwriters, and the occasional surprise guest &mdash; all set against string lights and the smell of grilled skewers.</p>\r\n<ol>\r\n<li>No cover charge, just show up</li>\r\n<li>Limited seating &mdash; reservations recommended</li>\r\n<li>Family-friendly until 9 PM</li>\r\n</ol>\r\n<table>\r\n<thead>\r\n<tr>\r\n<th>Month</th>\r\n<th>Avg. Attendance</th>\r\n</tr>\r\n</thead>\r\n<tbody>\r\n<tr>\r\n<td>June</td>\r\n<td>45</td>\r\n</tr>\r\n<tr>\r\n<td>July</td>\r\n<td>60</td>\r\n</tr>\r\n<tr>\r\n<td>August</td>\r\n<td>58</td>\r\n</tr>\r\n</tbody>\r\n</table>", "full_description_ru": "<p>С <strong>июня по сентябрь</strong> сцена на нашей террасе принимает местных музыкантов каждую пятницу вечером с 20:00.</p>\r\n<p>В программе джазовые трио, авторы-исполнители и иногда сюрприз-гости &mdash; всё на фоне гирлянд и запаха шашлыков.</p>\r\n<ol>\r\n<li>Без входной платы, просто приходите</li>\r\n<li>Мест немного &mdash; рекомендуем бронировать</li>\r\n<li>Подходит для семей до 21:00</li>\r\n</ol>\r\n<table>\r\n<thead>\r\n<tr>\r\n<th>Месяц</th>\r\n<th>Среднее число гостей</th>\r\n</tr>\r\n</thead>\r\n<tbody>\r\n<tr>\r\n<td>Июнь</td>\r\n<td>45</td>\r\n</tr>\r\n<tr>\r\n<td>Июль</td>\r\n<td>60</td>\r\n</tr>\r\n<tr>\r\n<td>Август</td>\r\n<td>58</td>\r\n</tr>\r\n</tbody>\r\n</table>", "img_src": "sections/wide_image/ChatGPT_Image_Jul_1_2026_09_00_36_PM.png", "alt_text": "Duo acustic cântând pe o scenă mică în timpul serii de vineri pe terasa Fiesta", "alt_text_ro": "Duo acustic cântând pe o scenă mică în timpul serii de vineri pe terasa Fiesta", "alt_text_en": "Acoustic duo performing on a small stage during Friday night on Fiesta's terrace", "alt_text_ru": "Акустический дуэт выступает на небольшой сцене в пятничный вечер на террасе Fiesta"}}, {"model": "core.wideimagesection", "pk": "4180aefa-5362-4579-81a9-4e5b34593f82", "fields": {"title": "Târgul de Weekend cu Produse Locale și Artizanat", "title_ro": "Târgul de Weekend cu Produse Locale și Artizanat", "title_en": "Weekend Farmers & Craft Market", "title_ru": "Выходной Фермерский и Ремесленный Рынок", "short_description": "O dată pe lună, producători și meșteșugari locali își montează standurile chiar pe terasa noastră.", "short_description_ro": "O dată pe lună, producători și meșteșugari locali își montează standurile chiar pe terasa noastră.", "short_description_en": "Once a month, local growers and makers set up stalls right on our terrace grounds.", "short_description_ru": "Раз в месяц местные фермеры и мастера устанавливают прилавки прямо на территории нашей террасы.", "full_description": "<p>Organizat &icirc;n <strong>ultima s&acirc;mbătă a fiecărei luni</strong>, t&acirc;rgul nostru reunește 15&ndash;20 de comercianți locali care v&acirc;nd produse, miere, ceramică și obiecte lucrate manual.</p>\r\n<p>Oaspeții pot face cumpărături &icirc;n timp ce se bucură de cafea și produse de patiserie din bucătăria noastră, cu muzică acustică live de fundal.</p>\r\n<ul>\r\n<li>10:00 &ndash; 15:00, indiferent de vreme (terasă acoperită)</li>\r\n<li>Intrare gratuită pentru vizitatori</li>\r\n<li>&Icirc;nscrierile pentru comercianți se fac prin <a href=\"../../../../../contact\">pagina noastră de contact</a></li>\r\n</ul>", "full_description_ro": "<p>Organizat &icirc;n <strong>ultima s&acirc;mbătă a fiecărei luni</strong>, t&acirc;rgul nostru reunește 15&ndash;20 de comercianți locali care v&acirc;nd produse, miere, ceramică și obiecte lucrate manual.</p>\r\n<p>Oaspeții pot face cumpărături &icirc;n timp ce se bucură de cafea și produse de patiserie din bucătăria noastră, cu muzică acustică live de fundal.</p>\r\n<ul>\r\n<li>10:00 &ndash; 15:00, indiferent de vreme (terasă acoperită)</li>\r\n<li>Intrare gratuită pentru vizitatori</li>\r\n<li>&Icirc;nscrierile pentru comercianți se fac prin <a href=\"../../../../../contact\">pagina noastră de contact</a></li>\r\n</ul>", "full_description_en": "<p>Held on the <strong>last Saturday of each month</strong>, our market brings together 15&ndash;20 local vendors selling produce, honey, ceramics, and handmade goods.</p>\r\n<p>Guests can shop while enjoying coffee and pastries from our kitchen, with live acoustic background music.</p>\r\n<ul>\r\n<li>10 AM &ndash; 3 PM, rain or shine (covered terrace)</li>\r\n<li>Free entry for visitors</li>\r\n<li>Vendor applications open via <a href=\"../../../../../contact\">our contact page</a></li>\r\n</ul>", "full_description_ru": "<p>Проводится в <strong>последнюю субботу каждого месяца</strong>, наш рынок объединяет 15&ndash;20 местных продавцов, торгующих продуктами, мёдом, керамикой и изделиями ручной работы.</p>\r\n<p>Гости могут делать покупки, наслаждаясь кофе и выпечкой из нашей кухни, под живую акустическую музыку.</p>\r\n<ul>\r\n<li>10:00 &ndash; 15:00, в любую погоду (крытая терраса)</li>\r\n<li>Бесплатный вход для посетителей</li>\r\n<li>Заявки для продавцов принимаются через <a href=\"../../../../../contact\">страницу контактов</a></li>\r\n</ul>", "img_src": "sections/wide_image/ChatGPT_Image_Jul_1_2026_09_02_47_PM.png", "alt_text": "Standuri de piață cu produse proaspete și obiecte artizanale amenajate pe terasa Fiesta", "alt_text_ro": "Standuri de piață cu produse proaspete și obiecte artizanale amenajate pe terasa Fiesta", "alt_text_en": "Market stalls with fresh produce and handmade crafts set up on Fiesta's terrace", "alt_text_ru": "Рыночные прилавки со свежими продуктами и изделиями ручной работы на террасе Fiesta"}}, {"model": "core.wideimagesection", "pk": "80101949-837c-420b-9d73-db9d51ea3a99", "fields": {"title": "Filosofia Bucătăriei Noastre", "title_ro": "Filosofia Bucătăriei Noastre", "title_en": "Our Kitchen Philosophy", "title_ru": "Философия Нашей Кухни", "short_description": "Calitate în detrimentul cantității — fiecare fel de mâncare preparat cu intenție, fiecare ingredient ales cu grijă.", "short_description_ro": "Calitate în detrimentul cantității — fiecare fel de mâncare preparat cu intenție, fiecare ingredient ales cu grijă.", "short_description_en": "Quality over quantity — every dish crafted with intention, every ingredient chosen with care.", "short_description_ru": "Качество важнее количества — каждое блюдо создаётся осознанно, каждый ингредиент выбирается с заботой.", "full_description": "<p>Bucătăria noastră funcționează pe principiul <strong>de la fermă la masă</strong>. Colaborăm cu peste <em>12 ferme locale</em> din Moldova pentru a asigura prospețimea fiecărui fel de m&acirc;ncare.</p>\r\n<p>Bucătarul nostru șef, <strong>Alexandru Moraru</strong>, aduce 15 ani de experiență culinară europeană &icirc;n meniul nostru &mdash; &icirc;mbin&acirc;nd tehnici clasice cu arome locale &icirc;ndrăznețe.</p>\r\n<ol>\r\n<li>Actualizări sezoniere ale meniului la fiecare 3 luni</li>\r\n<li>Etichetare transparentă a alergenilor pentru toate produsele</li>\r\n<li>Secțiuni dedicate vegetarienilor și veganilor</li>\r\n</ol>\r\n<table>\r\n<thead>\r\n<tr>\r\n<th>Categorie</th>\r\n<th>% Surse Locale</th>\r\n</tr>\r\n</thead>\r\n<tbody>\r\n<tr>\r\n<td>Legume și Fructe</td>\r\n<td>94%</td>\r\n</tr>\r\n<tr>\r\n<td>Lactate</td>\r\n<td>87%</td>\r\n</tr>\r\n<tr>\r\n<td>Carne și Pește</td>\r\n<td>72%</td>\r\n</tr>\r\n</tbody>\r\n</table>", "full_description_ro": "<p>Bucătăria noastră funcționează pe principiul <strong>de la fermă la masă</strong>. Colaborăm cu peste <em>12 ferme locale</em> din Moldova pentru a asigura prospețimea fiecărui fel de m&acirc;ncare.</p>\r\n<p>Bucătarul nostru șef, <strong>Alexandru Moraru</strong>, aduce 15 ani de experiență culinară europeană &icirc;n meniul nostru &mdash; &icirc;mbin&acirc;nd tehnici clasice cu arome locale &icirc;ndrăznețe.</p>\r\n<ol>\r\n<li>Actualizări sezoniere ale meniului la fiecare 3 luni</li>\r\n<li>Etichetare transparentă a alergenilor pentru toate produsele</li>\r\n<li>Secțiuni dedicate vegetarienilor și veganilor</li>\r\n</ol>\r\n<table>\r\n<thead>\r\n<tr>\r\n<th>Categorie</th>\r\n<th>% Surse Locale</th>\r\n</tr>\r\n</thead>\r\n<tbody>\r\n<tr>\r\n<td>Legume și Fructe</td>\r\n<td>94%</td>\r\n</tr>\r\n<tr>\r\n<td>Lactate</td>\r\n<td>87%</td>\r\n</tr>\r\n<tr>\r\n<td>Carne și Pește</td>\r\n<td>72%</td>\r\n</tr>\r\n</tbody>\r\n</table>", "full_description_en": "<p>Our kitchen operates on a <strong>farm-to-table</strong> principle. We partner with over <em>12 local farms</em> across Moldova to ensure freshness in every plate.</p>\r\n<p>Our head chef, <strong>Alexandru Moraru</strong>, brings 15 years of European culinary experience to our menu &mdash; blending classic techniques with bold local flavors.</p>\r\n<ol>\r\n<li>Seasonal menu updates every 3 months</li>\r\n<li>Allergen-transparent labeling on all items</li>\r\n<li>Dedicated vegetarian and vegan sections</li>\r\n</ol>\r\n<table>\r\n<thead>\r\n<tr>\r\n<th>Category</th>\r\n<th>Local Sourcing %</th>\r\n</tr>\r\n</thead>\r\n<tbody>\r\n<tr>\r\n<td>Vegetables &amp; Fruits</td>\r\n<td>94%</td>\r\n</tr>\r\n<tr>\r\n<td>Dairy</td>\r\n<td>87%</td>\r\n</tr>\r\n<tr>\r\n<td>Meat &amp; Fish</td>\r\n<td>72%</td>\r\n</tr>\r\n</tbody>\r\n</table>", "full_description_ru": "<p>Наша кухня работает по принципу <strong>&laquo;от фермы до стола&raquo;</strong>. Мы сотрудничаем с более чем <em>12 местными фермами</em> по всей Молдове, чтобы обеспечить свежесть каждого блюда.</p>\r\n<p>Наш шеф-повар, <strong>Александру Морару</strong>, привносит 15 лет европейского кулинарного опыта в наше меню &mdash; сочетая классические техники с яркими местными вкусами.</p>\r\n<ol>\r\n<li>Сезонное обновление меню каждые 3 месяца</li>\r\n<li>Прозрачная маркировка аллергенов для всех позиций</li>\r\n<li>Отдельные разделы для вегетарианцев и веганов</li>\r\n</ol>\r\n<table>\r\n<thead>\r\n<tr>\r\n<th>Категория</th>\r\n<th>% Местного производства</th>\r\n</tr>\r\n</thead>\r\n<tbody>\r\n<tr>\r\n<td>Овощи и фрукты</td>\r\n<td>94%</td>\r\n</tr>\r\n<tr>\r\n<td>Молочные продукты</td>\r\n<td>87%</td>\r\n</tr>\r\n<tr>\r\n<td>Мясо и рыба</td>\r\n<td>72%</td>\r\n</tr>\r\n</tbody>\r\n</table>", "img_src": "sections/wide_image/ChatGPT_Image_Jul_1_2026_05_50_13_PM.png", "alt_text": "Bucătarul șef Alexandru Moraru pregătind un fel de mâncare în bucătăria deschisă a Fiesta Gastro Cafe", "alt_text_ro": "Bucătarul șef Alexandru Moraru pregătind un fel de mâncare în bucătăria deschisă a Fiesta Gastro Cafe", "alt_text_en": "Chef Alexandru Moraru preparing a dish in the open kitchen of Fiesta Gastro Cafe", "alt_text_ru": "Шеф-повар Александру Морару готовит блюдо на открытой кухне Fiesta Gastro Cafe"}}, {"model": "core.videosection", "pk": "7752233a-d2a6-4bb9-837c-bbfce580046b", "fields": {"title": "O Seară de Vineri pe Terasă", "title_ro": "O Seară de Vineri pe Terasă", "title_en": "A Friday Night on the Terrace", "title_ru": "Пятничный Вечер на Террасе", "video_url": "https://www.youtube.com/watch?v=u31qwQUeGuM", "description": "Urmăriți evoluția de la mese goale la apus până la o terasă plină, dansând sub ghirlandele luminoase până la ora 22:00.", "description_ro": "Urmăriți evoluția de la mese goale la apus până la o terasă plină, dansând sub ghirlandele luminoase până la ora 22:00.", "description_en": "Follow the buildup from empty tables at sunset to a full house dancing under the string lights by 10 PM.", "description_ru": "Проследите путь от пустых столиков на закате до полного зала, танцующего под гирляндами к 22:00."}}, {"model": "core.videosection", "pk": "fe130999-2b32-4e92-81eb-4941db4243c6", "fields": {"title": "Unde Ajung Donațiile", "title_ro": "Unde Ajung Donațiile", "title_en": "Where the Donations Go", "title_ru": "Куда Идут Пожертвования", "video_url": "https://www.youtube.com/watch?v=u31qwQUeGuM", "description": "Urmăriți traseul unei cutii cu mese donate, de la bucătăria noastră până la masa unei familii, în aceeași seară.", "description_ro": "Urmăriți traseul unei cutii cu mese donate, de la bucătăria noastră până la masa unei familii, în aceeași seară.", "description_en": "Follow a box of donated meals from our kitchen to a family's table the same evening.", "description_ru": "Проследите путь коробки с пожертвованной едой от нашей кухни до стола семьи в тот же вечер."}}, {"model": "core.videosection", "pk": "55db9250-113b-4b22-9cec-edb8e4bd6f15", "fields": {"title": "O Zi de Voluntariat cu Echipa Noastră", "title_ro": "O Zi de Voluntariat cu Echipa Noastră", "title_en": "A Volunteer Day with Our Team", "title_ru": "День Волонтёрства с Нашей Командой", "video_url": "https://www.youtube.com/watch?v=u31qwQUeGuM", "description": "Culisele zilei în care personalul schimbă șorțurile pe mănuși în cadrul zilei trimestriale de voluntariat.", "description_ro": "Culisele zilei în care personalul schimbă șorțurile pe mănuși în cadrul zilei trimestriale de voluntariat.", "description_en": "Behind the scenes as staff trade aprons for gloves during a quarterly volunteer day.", "description_ru": "За кулисами дня, когда сотрудники меняют фартуки на перчатки во время квартального волонтёрства."}}, {"model": "core.videosection", "pk": "0fd95442-5f1f-449a-8cde-406e84957f12", "fields": {"title": "Pregătirea Târgului", "title_ro": "Pregătirea Târgului", "title_en": "Setting Up the Market", "title_ru": "Подготовка Рынка", "video_url": "https://www.youtube.com/watch?v=u31qwQUeGuM", "description": "Culisele unei dimineți de târg — comercianții sosind înainte de răsărit, standurile montate și prima cafea turnată.", "description_ro": "Culisele unei dimineți de târg — comercianții sosind înainte de răsărit, standurile montate și prima cafea turnată.", "description_en": "Behind the scenes of a market morning — vendors arriving before dawn, stalls going up, and the first coffee poured.", "description_ru": "За кулисами утра рынка — продавцы прибывают до рассвета, устанавливаются прилавки, наливается первый кофе."}}, {"model": "core.videosection", "pk": "9659b419-68b5-40ed-b92d-dca8f458cd65", "fields": {"title": "O Zi la Fiesta", "title_ro": "O Zi la Fiesta", "title_en": "A Day at Fiesta", "title_ru": "День в Fiesta", "video_url": "https://www.youtube.com/watch?v=u31qwQUeGuM", "description": "Urmăriți-ne pe parcursul unei zile obișnuite — de la primul espresso de la ora 7 dimineața până la ultimul desert servit la miezul nopții. Descoperiți ce înseamnă cu adevărat să lucrezi cu pasiune.", "description_ro": "Urmăriți-ne pe parcursul unei zile obișnuite — de la primul espresso de la ora 7 dimineața până la ultimul desert servit la miezul nopții. Descoperiți ce înseamnă cu adevărat să lucrezi cu pasiune.", "description_en": "Follow us through a typical day — from the first espresso shot at 7 AM to the last dessert served at midnight. See what it truly means to work with passion.", "description_ru": "Проведите с нами обычный день — от первой порции эспрессо в 7 утра до последнего десерта, поданного в полночь. Узнайте, что значит работать с настоящей страстью."}}, {"model": "core.videosection", "pk": "5c1bfc9a-40f1-41f7-9db5-787c754ad259", "fields": {"title": "În Culise: Procesul Nostru de Cafea", "title_ro": "În Culise: Procesul Nostru de Cafea", "title_en": "Behind the Scenes: Our Coffee Process", "title_ru": "За Кулисами: Наш Кофейный Процесс", "video_url": "https://www.youtube.com/watch?v=u31qwQUeGuM", "description": "De la selectarea boabelor verzi până la turnarea perfectă — baristele noștri vă ghidează prin meșteșugul care face fiecare ceașcă de la Fiesta excepțională.", "description_ro": "De la selectarea boabelor verzi până la turnarea perfectă — baristele noștri vă ghidează prin meșteșugul care face fiecare ceașcă de la Fiesta excepțională.", "description_en": "From green bean selection to the perfect pour — our baristas walk you through the craft that makes every cup at Fiesta exceptional.", "description_ru": "От выбора зелёного зерна до идеальной подачи — наши бариста проведут вас через мастерство, которое делает каждую чашку в Fiesta исключительной."}}, {"model": "core.tightimagesection", "pk": "e7ac7239-625e-4aad-9ac6-d7498b601429", "fields": {"title": "Cunoaște Gazdele Evenimentelor", "title_ro": "Cunoaște Gazdele Evenimentelor", "title_en": "Meet the Event Hosts", "title_ru": "Познакомьтесь с Организаторами"}}, {"model": "core.tightimagesection", "pk": "7ae5657f-d341-4d46-895e-578792d1bbd5", "fields": {"title": "Cunoaște Partenerii Noștri", "title_ro": "Cunoaște Partenerii Noștri", "title_en": "Meet Our Partners", "title_ru": "Познакомьтесь с Нашими Партнёрами"}}, {"model": "core.tightimagesection", "pk": "2639a6e9-0827-411e-8b57-f018a0b1a1e1", "fields": {"title": "Recunoașterea Spațiului Nostru în Aer Liber", "title_ro": "Recunoașterea Spațiului Nostru în Aer Liber", "title_en": "Recognition for Our Outdoor Space", "title_ru": "Признание Нашего Открытого Пространства"}}, {"model": "core.tightimagesection", "pk": "2b761752-a0e9-4311-9f70-bf669ebf3893", "fields": {"title": "Cunoaște Echipa Noastră", "title_ro": "Cunoaște Echipa Noastră", "title_en": "Meet Our Team", "title_ru": "Познакомьтесь с Нашей Командой"}}, {"model": "core.tightimagesection", "pk": "ca8439d4-849e-4f86-87e6-5bb27336b6ba", "fields": {"title": "Premiile și Recunoașterea Noastră", "title_ro": "Premiile și Recunoașterea Noastră", "title_en": "Our Awards & Recognition", "title_ru": "Наши Награды и Признание"}}, {"model": "core.tightimagecard", "pk": "012fc8d0-7a93-4765-9389-edf22ba4b2d5", "fields": {"section": "e7ac7239-625e-4aad-9ac6-d7498b601429", "title": "Cristina Doni — Coordonator Evenimente", "title_ro": "Cristina Doni — Coordonator Evenimente", "title_en": "Cristina Doni — Events Coordinator", "title_ru": "Кристина Дони — Координатор Мероприятий", "short_description": "Programează artiștii, gestionează comercianții și asigură desfășurarea perfectă a fiecărui eveniment în aer liber.", "short_description_ro": "Programează artiștii, gestionează comercianții și asigură desfășurarea perfectă a fiecărui eveniment în aer liber.", "short_description_en": "Books the lineup, manages vendors, and keeps every outdoor event running smoothly.", "short_description_ru": "Формирует программу, работает с продавцами и следит за тем, чтобы каждое мероприятие проходило без сбоев.", "full_description": "<p>Cristina s-a alăturat echipei Fiesta &icirc;n <strong>2021</strong>, după cinci ani de organizare a festivalurilor &icirc;n aer liber din Moldova și Rom&acirc;nia.</p>\r\n<p>Ea selectează personal programul muzical de vineri și coordonează t&acirc;rgul lunar, urmărind mereu o combinație proaspătă.</p>", "full_description_ro": "<p>Cristina s-a alăturat echipei Fiesta &icirc;n <strong>2021</strong>, după cinci ani de organizare a festivalurilor &icirc;n aer liber din Moldova și Rom&acirc;nia.</p>\r\n<p>Ea selectează personal programul muzical de vineri și coordonează t&acirc;rgul lunar, urmărind mereu o combinație proaspătă.</p>", "full_description_en": "<p>Cristina joined Fiesta in <strong>2021</strong> after five years organizing outdoor festivals across Moldova and Romania.</p>\r\n<p>She personally curates the Friday music lineup and coordinates the monthly market, aiming for a mix that feels fresh every time.</p>", "full_description_ru": "<p>Кристина присоединилась к Fiesta в <strong>2021 году</strong> после пяти лет организации фестивалей под открытым небом в Молдове и Румынии.</p>\r\n<p>Она лично формирует пятничную музыкальную программу и координирует ежемесячный рынок, стремясь каждый раз удивлять гостей.</p>", "img_src": "sections/tight_image/ChatGPT_Image_1_iul._2026_21_47_23.png", "alt_text": "Coordonatoarea de evenimente Cristina Doni verificând amenajarea terasei înainte de un eveniment de seară", "alt_text_ro": "Coordonatoarea de evenimente Cristina Doni verificând amenajarea terasei înainte de un eveniment de seară", "alt_text_en": "Events coordinator Cristina Doni checking the terrace setup before an evening event", "alt_text_ru": "Координатор мероприятий Кристина Дони проверяет подготовку террасы перед вечерним мероприятием", "sort_order": 0}}, {"model": "core.tightimagecard", "pk": "073b19e1-f13d-48bf-9613-834c660b75db", "fields": {"section": "2639a6e9-0827-411e-8b57-f018a0b1a1e1", "title": "Prezentați în Ghidul de Weekend Chișinău", "title_ro": "Prezentați în Ghidul de Weekend Chișinău", "title_en": "Featured in Chișinău Weekend Guide", "title_ru": "В Гиде Выходного Дня Кишинёва", "short_description": "Inclusă printre primele cinci locuri pentru serile în aer liber din oraș.", "short_description_ro": "Inclusă printre primele cinci locuri pentru serile în aer liber din oraș.", "short_description_en": "Listed among the top five spots for outdoor evenings in the city.", "short_description_ru": "Включены в топ-5 мест для вечеров на открытом воздухе в городе.", "full_description": "<p>Cel mai citit ghid de weekend din oraș a prezentat terasa noastră drept un loc recomandat at&acirc;t pentru seri liniștite, c&acirc;t și pentru s&acirc;mbetele animate de t&acirc;rg.</p>\r\n<p>Articolul a evidențiat combinația noastră de muzică live, meniu sezonier și program prietenos pentru familii.</p>", "full_description_ro": "<p>Cel mai citit ghid de weekend din oraș a prezentat terasa noastră drept un loc recomandat at&acirc;t pentru seri liniștite, c&acirc;t și pentru s&acirc;mbetele animate de t&acirc;rg.</p>\r\n<p>Articolul a evidențiat combinația noastră de muzică live, meniu sezonier și program prietenos pentru familii.</p>", "full_description_en": "<p>The city's most-read weekend guide featured our terrace as a recommended spot for both quiet evenings and lively market Saturdays.</p>\r\n<p>The write-up highlighted our mix of live music, seasonal menu, and family-friendly hours.</p>", "full_description_ru": "<p>Самый читаемый гид выходного дня города отметил нашу террасу как рекомендованное место для тихих вечеров и оживлённых субботних рынков.</p>\r\n<p>В статье отмечены сочетание живой музыки, сезонного меню и удобных для семей часов работы.</p>", "img_src": "sections/tight_image/ChatGPT_Image_1_iul._2026_21_57_42.png", "alt_text": "Pagina articolului din Ghidul de Weekend Chișinău despre terasa Fiesta Gastro Cafe", "alt_text_ro": "Pagina articolului din Ghidul de Weekend Chișinău despre terasa Fiesta Gastro Cafe", "alt_text_en": "Chișinău Weekend Guide article page featuring Fiesta Gastro Cafe's terrace", "alt_text_ru": "Страница статьи в Гиде Выходного Дня Кишинёва о террасе Fiesta Gastro Cafe", "sort_order": 1}}, {"model": "core.tightimagecard", "pk": "08c9843d-d43f-4d31-b856-7a6b8f18031e", "fields": {"section": "e7ac7239-625e-4aad-9ac6-d7498b601429", "title": "Radu Ceban — Sunet și Scenă", "title_ro": "Radu Ceban — Sunet și Scenă", "title_en": "Radu Ceban — Sound & Stage", "title_ru": "Раду Чебан — Звук и Сцена", "short_description": "Se ocupă de instalarea sunetului și logistica scenei pentru fiecare spectacol live pe terasă.", "short_description_ro": "Se ocupă de instalarea sunetului și logistica scenei pentru fiecare spectacol live pe terasă.", "short_description_en": "Handles sound setup and stage logistics for every live performance on the terrace.", "short_description_ru": "Отвечает за настройку звука и сцены для каждого живого выступления на террасе.", "full_description": "<p>Radu se ocupă de sunet pentru spații &icirc;n aer liber din 2016, echilibr&acirc;nd calitatea spectacolului cu confortul locuitorilor din apropiere.</p>\r\n<p>Testează fiecare instalație pentru rezistență la intemperii &icirc;nainte de deschiderea porților la ora 20:00.</p>", "full_description_ro": "<p>Radu se ocupă de sunet pentru spații &icirc;n aer liber din 2016, echilibr&acirc;nd calitatea spectacolului cu confortul locuitorilor din apropiere.</p>\r\n<p>Testează fiecare instalație pentru rezistență la intemperii &icirc;nainte de deschiderea porților la ora 20:00.</p>", "full_description_en": "<p>Radu has worked sound for outdoor venues since 2016, balancing performance quality with the comfort of nearby residents.</p>\r\n<p>He tests every setup for weather resistance before doors open at 8 PM.</p>", "full_description_ru": "<p>Раду занимается звуком для площадок под открытым небом с 2016 года, находя баланс между качеством звучания и комфортом соседей.</p>\r\n<p>Он проверяет каждую установку на устойчивость к погоде перед открытием в 20:00.</p>", "img_src": "sections/tight_image/ChatGPT_Image_1_iul._2026_21_50_27.png", "alt_text": "Inginerul de sunet Radu Ceban reglând echipamentul pe scena terasei înainte de un spectacol", "alt_text_ro": "Inginerul de sunet Radu Ceban reglând echipamentul pe scena terasei înainte de un spectacol", "alt_text_en": "Sound engineer Radu Ceban adjusting equipment on the terrace stage before a show", "alt_text_ru": "Звукорежиссёр Раду Чебан настраивает оборудование на сцене террасы перед выступлением", "sort_order": 1}}, {"model": "core.tightimagecard", "pk": "0b01f24f-01e6-4e44-97ce-d0e397392386", "fields": {"section": "2639a6e9-0827-411e-8b57-f018a0b1a1e1", "title": "Cea Mai Bună Terasă 2024", "title_ro": "Cea Mai Bună Terasă 2024", "title_en": "Best Outdoor Terrace 2024", "title_ru": "Лучшая Терраса 2024", "short_description": "Votată de cititorii unei reviste locale de lifestyle drept cea mai bună terasă din Chișinău.", "short_description_ro": "Votată de cititorii unei reviste locale de lifestyle drept cea mai bună terasă din Chișinău.", "short_description_en": "Voted by readers of a local lifestyle magazine as the top terrace in Chișinău.", "short_description_ru": "По версии читателей местного лайфстайл-журнала признана лучшей террасой Кишинёва.", "full_description": "<p>&Icirc;ntr-un sondaj public &icirc;n r&acirc;ndul cititorilor, terasa Fiesta a fost desemnată <strong>Cea Mai Bună Terasă 2024</strong>, &icirc;ntrec&acirc;nd peste 30 de locații nominalizate.</p>\r\n<p>Cititorii au menționat vegetația, programul de muzică live și atmosfera relaxată ca principale motive ale votului.</p>", "full_description_ro": "<p>&Icirc;ntr-un sondaj public &icirc;n r&acirc;ndul cititorilor, terasa Fiesta a fost desemnată <strong>Cea Mai Bună Terasă 2024</strong>, &icirc;ntrec&acirc;nd peste 30 de locații nominalizate.</p>\r\n<p>Cititorii au menționat vegetația, programul de muzică live și atmosfera relaxată ca principale motive ale votului.</p>", "full_description_en": "<p>In a public reader poll, Fiesta's terrace was named <strong>Best Outdoor Terrace 2024</strong>, beating out over 30 nominated venues.</p>\r\n<p>Readers cited the greenery, live music program, and relaxed atmosphere as top reasons for their vote.</p>", "full_description_ru": "<p>По итогам открытого опроса читателей терраса Fiesta была признана <strong>Лучшей Террасой 2024 года</strong>, обойдя более 30 номинированных заведений.</p>\r\n<p>Читатели отметили зелень, программу живой музыки и расслабленную атмосферу как главные причины своего выбора.</p>", "img_src": "sections/tight_image/ChatGPT_Image_1_iul._2026_21_52_00.png", "alt_text": "Placheta premiului Cea Mai Bună Terasă 2024 expusă la intrarea în grădina Fiesta", "alt_text_ro": "Placheta premiului Cea Mai Bună Terasă 2024 expusă la intrarea în grădina Fiesta", "alt_text_en": "Best Outdoor Terrace 2024 award plaque displayed at the entrance of Fiesta's garden", "alt_text_ru": "Табличка награды «Лучшая Терраса 2024» у входа в сад Fiesta", "sort_order": 0}}, {"model": "core.tightimagecard", "pk": "5ed5604e-2012-4b37-b4df-fb9074a6caf4", "fields": {"section": "7ae5657f-d341-4d46-895e-578792d1bbd5", "title": "Adăpostul Casa Speranței", "title_ro": "Adăpostul Casa Speranței", "title_en": "Casa Speranței Shelter", "title_ru": "Приют Casa Speranței", "short_description": "Cel mai vechi partener al nostru de donații alimentare, servind familii din 2021.", "short_description_ro": "Cel mai vechi partener al nostru de donații alimentare, servind familii din 2021.", "short_description_en": "Our longest-running food donation partner, serving families since 2021.", "short_description_ru": "Наш давний партнёр по пожертвованиям еды, помогающий семьям с 2021 года.", "full_description": "<p>Casa Speranței găzduiește p&acirc;nă la <strong>40 de persoane</strong> și depinde de donații alimentare zilnice de la afaceri locale.</p>\r\n<p>Fiesta este partenerul lor principal pentru masa de seară de la &icirc;nceputul programului.</p>", "full_description_ro": "<p>Casa Speranței găzduiește p&acirc;nă la <strong>40 de persoane</strong> și depinde de donații alimentare zilnice de la afaceri locale.</p>\r\n<p>Fiesta este partenerul lor principal pentru masa de seară de la &icirc;nceputul programului.</p>", "full_description_en": "<p>Casa Speranței houses up to <strong>40 people</strong> and relies on daily food donations from local businesses.</p>\r\n<p>Fiesta has been their primary evening-meal partner since the program began.</p>", "full_description_ru": "<p>Casa Speranței вмещает до <strong>40 человек</strong> и зависит от ежедневных пожертвований еды от местного бизнеса.</p>\r\n<p>Fiesta является их основным партнёром по вечерним обедам с начала программы.</p>", "img_src": "sections/tight_image/ChatGPT_Image_1_iul._2026_22_10_57.png", "alt_text": "Voluntari la adăpostul Casa Speranței despachetând cutiile cu mese donate", "alt_text_ro": "Voluntari la adăpostul Casa Speranței despachetând cutiile cu mese donate", "alt_text_en": "Volunteers at Casa Speranței shelter unpacking donated meal boxes", "alt_text_ru": "Волонтёры приюта Casa Speranței распаковывают коробки с пожертвованной едой", "sort_order": 0}}, {"model": "core.tightimagecard", "pk": "5f4a46fc-b5ed-49e6-8c91-492bf1b26e24", "fields": {"section": "ca8439d4-849e-4f86-87e6-5bb27336b6ba", "title": "4.9 ★ pe Google — Peste 1.200 de Recenzii", "title_ro": "4.9 ★ pe Google — Peste 1.200 de Recenzii", "title_en": "4.9 ★ on Google — 1,200+ Reviews", "title_ru": "4.9 ★ на Google — более 1 200 отзывов", "short_description": "Constant clasați printre cei mai bine evaluați din oraș de oaspeții noștri.", "short_description_ro": "Constant clasați printre cei mai bine evaluați din oraș de oaspeții noștri.", "short_description_en": "Consistently rated among the highest in the city by our guests.", "short_description_ru": "Неизменно входим в число наиболее высоко оцениваемых заведений города по отзывам гостей.", "full_description": "<p>Cu peste <strong>1.200 de recenzii verificate pe Google</strong> și o <em>evaluare de 4,9 stele</em>, Fiesta Gastro Cafe este una dintre cele mai de &icirc;ncredere destinații gastronomice din Chișinău.</p>\r\n<p>Oaspeții noștri menționează cel mai des:</p>\r\n<ul>\r\n<li>Calitate excepțională a cafelei</li>\r\n<li>Personal cald și atent</li>\r\n<li>Interior confortabil și unic</li>\r\n<li>Raport calitate-preț</li>\r\n</ul>\r\n<p><a href=\"https://g.co/fiesta\" target=\"_blank\" rel=\"noopener\">Citiți recenziile noastre pe Google</a></p>", "full_description_ro": "<p>Cu peste <strong>1.200 de recenzii verificate pe Google</strong> și o <em>evaluare de 4,9 stele</em>, Fiesta Gastro Cafe este una dintre cele mai de &icirc;ncredere destinații gastronomice din Chișinău.</p>\r\n<p>Oaspeții noștri menționează cel mai des:</p>\r\n<ul>\r\n<li>Calitate excepțională a cafelei</li>\r\n<li>Personal cald și atent</li>\r\n<li>Interior confortabil și unic</li>\r\n<li>Raport calitate-preț</li>\r\n</ul>\r\n<p><a href=\"https://g.co/fiesta\" target=\"_blank\" rel=\"noopener\">Citiți recenziile noastre pe Google</a></p>", "full_description_en": "<p>With over <strong>1,200 verified Google reviews</strong> and a <em>4.9-star rating</em>, Fiesta Gastro Cafe stands as one of the most trusted dining destinations in Chișinău.</p>\r\n<p>Our guests most frequently mention:</p>\r\n<ul>\r\n<li>Exceptional coffee quality</li>\r\n<li>Warm and attentive staff</li>\r\n<li>Cozy and unique interior</li>\r\n<li>Value for money</li>\r\n</ul>\r\n<p><a href=\"https://g.co/fiesta\" target=\"_blank\" rel=\"noopener\">Read our reviews on Google</a></p>", "full_description_ru": "<p>Имея более <strong>1 200 подтверждённых отзывов на Google</strong> и <em>рейтинг 4,9 звезды</em>, Fiesta Gastro Cafe является одним из самых авторитетных ресторанных адресов в Кишинёве.</p>\r\n<p>Наши гости чаще всего отмечают:</p>\r\n<ul>\r\n<li>Исключительное качество кофе</li>\r\n<li>Тёплый и внимательный персонал</li>\r\n<li>Уютный и уникальный интерьер</li>\r\n<li>Соотношение цены и качества</li>\r\n</ul>\r\n<p><a href=\"https://g.co/fiesta\" target=\"_blank\" rel=\"noopener\">Читайте наши отзывы на Google</a></p>", "img_src": "sections/tight_image/ChatGPT_Image_1_iul._2026_18_18_23.png", "alt_text": "Tabloul de bord cu recenzii Google afișând 4,9 stele și peste 1.200 de recenzii pentru Fiesta Gastro Cafe", "alt_text_ro": "Tabloul de bord cu recenzii Google afișând 4,9 stele și peste 1.200 de recenzii pentru Fiesta Gastro Cafe", "alt_text_en": "Google review dashboard showing 4.9 stars and over 1200 reviews for Fiesta Gastro Cafe", "alt_text_ru": "Панель отзывов Google с оценкой 4,9 звезды и более 1 200 отзывами о Fiesta Gastro Cafe", "sort_order": 2}}, {"model": "core.tightimagecard", "pk": "70f80229-cf1d-4442-8194-68b0a84180e4", "fields": {"section": "2b761752-a0e9-4311-9f70-bf669ebf3893", "title": "Victor Rusu — Patiser", "title_ro": "Victor Rusu — Patiser", "title_en": "Victor Rusu — Pastry Chef", "title_ru": "Виктор Русу — Шеф-кондитер", "short_description": "Artistul din spatele croissantelor, prăjiturilor și dulciurilor de sezon — coace de la 4 dimineața în fiecare zi.", "short_description_ro": "Artistul din spatele croissantelor, prăjiturilor și dulciurilor de sezon — coace de la 4 dimineața în fiecare zi.", "short_description_en": "The artist behind our croissants, cakes, and seasonal sweets — baking since 4 AM every morning.", "short_description_ru": "Художник, создающий наши круассаны, торты и сезонные сладости — печёт каждое утро с 4 часов.", "full_description": "<p>Pasiunea lui Victor pentru patiserie a &icirc;nceput &icirc;n bucătăria bunicii din Orhei. După instruire la <strong>București</strong> și <strong>Viena</strong>, s-a &icirc;ntors &icirc;n Moldova pentru a contribui la scena culinară locală.</p>\r\n<p>Produsele sale emblematice includ:</p>\r\n<ul>\r\n<li><em>Croissant cu br&acirc;nză și mărar</em></li>\r\n<li><em>Tort Moldovenesc</em> (tort tradițional cu straturi de nucă)</li>\r\n<li>Tartă sezonieră, rotită lunar</li>\r\n</ul>", "full_description_ro": "<p>Pasiunea lui Victor pentru patiserie a &icirc;nceput &icirc;n bucătăria bunicii din Orhei. După instruire la <strong>București</strong> și <strong>Viena</strong>, s-a &icirc;ntors &icirc;n Moldova pentru a contribui la scena culinară locală.</p>\r\n<p>Produsele sale emblematice includ:</p>\r\n<ul>\r\n<li><em>Croissant cu br&acirc;nză și mărar</em></li>\r\n<li><em>Tort Moldovenesc</em> (tort tradițional cu straturi de nucă)</li>\r\n<li>Tartă sezonieră, rotită lunar</li>\r\n</ul>", "full_description_en": "<p>Victor's passion for pastry started in his grandmother's kitchen in Orhei. After completing training in <strong>Bucharest</strong> and <strong>Vienna</strong>, he returned to Moldova to contribute to the local culinary scene.</p>\r\n<p>His signature items include:</p>\r\n<ul>\r\n<li><em>Croissant cu br&acirc;nză și mărar</em> (dill &amp; cheese croissant)</li>\r\n<li><em>Tort Moldovenesc</em> (traditional walnut layer cake)</li>\r\n<li>Seasonal tart rotated monthly</li>\r\n</ul>", "full_description_ru": "<p>Страсть Виктора к кондитерскому делу зародилась на кухне бабушки в Орхее. После обучения в <strong>Бухаресте</strong> и <strong>Вене</strong> он вернулся в Молдову, чтобы внести вклад в местную кулинарную культуру.</p>\r\n<p>Его фирменные позиции:</p>\r\n<ul>\r\n<li><em>Круассан с сыром и укропом</em></li>\r\n<li><em>Молдавский торт</em> (традиционный торт с грецкими орехами)</li>\r\n<li>Сезонный тарт, меняющийся ежемесячно</li>\r\n</ul>", "img_src": "sections/tight_image/ChatGPT_Image_1_iul._2026_18_12_46.png", "alt_text": "Patiserul Victor Rusu decorând un tort cu straturi în bucătăria Fiesta", "alt_text_ro": "Patiserul Victor Rusu decorând un tort cu straturi în bucătăria Fiesta", "alt_text_en": "Pastry chef Victor Rusu decorating a layered cake in the Fiesta kitchen", "alt_text_ru": "Шеф-кондитер Виктор Русу украшает многослойный торт на кухне Fiesta", "sort_order": 3}}, {"model": "core.tightimagecard", "pk": "75f91dcd-33f6-40c8-98ed-30d13f855019", "fields": {"section": "7ae5657f-d341-4d46-895e-578792d1bbd5", "title": "Școala din Ivancea", "title_ro": "Școala din Ivancea", "title_en": "Școala din Ivancea", "title_ru": "Школа в Иванче", "short_description": "Școală rurală sprijinită prin programul nostru Cafea pentru Școli.", "short_description_ro": "Școală rurală sprijinită prin programul nostru Cafea pentru Școli.", "short_description_en": "Rural school supported through our Coffee for Schools program.", "short_description_ru": "Сельская школа, поддерживаемая программой «Кофе для школ».", "full_description": "<p>Cu <strong>210 elevi</strong>, această școală a primit ghiozdane și cărți noi prin ciclul nostru de str&acirc;ngere de fonduri din 2023.</p>\r\n<p>Personalul vizitează de două ori pe an pentru a livra rechizite și a cunoaște elevii.</p>", "full_description_ro": "<p>Cu <strong>210 elevi</strong>, această școală a primit ghiozdane și cărți noi prin ciclul nostru de str&acirc;ngere de fonduri din 2023.</p>\r\n<p>Personalul vizitează de două ori pe an pentru a livra rechizite și a cunoaște elevii.</p>", "full_description_en": "<p>Home to <strong>210 students</strong>, this school received new backpacks and books through our 2023 fundraising cycle.</p>\r\n<p>Staff visit twice a year to deliver supplies and meet the students.</p>", "full_description_ru": "<p>В этой школе учится <strong>210 учеников</strong>, которые получили новые рюкзаки и книги благодаря нашему сбору средств в 2023 году.</p>\r\n<p>Сотрудники приезжают дважды в год, чтобы привезти принадлежности и познакомиться с учениками.</p>", "img_src": "sections/tight_image/ChatGPT_Image_1_iul._2026_22_12_55.png", "alt_text": "Elevi de la Școala din Ivancea primind ghiozdane noi de la personalul Fiesta", "alt_text_ro": "Elevi de la Școala din Ivancea primind ghiozdane noi de la personalul Fiesta", "alt_text_en": "Students at Școala din Ivancea receiving new backpacks from Fiesta staff", "alt_text_ru": "Ученики школы в Иванче получают новые рюкзаки от сотрудников Fiesta", "sort_order": 1}}, {"model": "core.tightimagecard", "pk": "7faf902d-fcf7-4e1b-b58d-c83181dbc9aa", "fields": {"section": "ca8439d4-849e-4f86-87e6-5bb27336b6ba", "title": "Top 10 Restaurante Sustenabile — Europa de Est 2024", "title_ro": "Top 10 Restaurante Sustenabile — Europa de Est 2024", "title_en": "Top 10 Sustainable Restaurants — Eastern Europe 2024", "title_ru": "Топ-10 Устойчивых Ресторанов — Восточная Европа 2024", "short_description": "Recunoscuți pentru inițiativele noastre de bucătărie zero deșeuri și angajamentul față de ambalajele ecologice.", "short_description_ro": "Recunoscuți pentru inițiativele noastre de bucătărie zero deșeuri și angajamentul față de ambalajele ecologice.", "short_description_en": "Recognized for our zero-waste kitchen initiatives and eco-packaging commitment.", "short_description_ru": "Отмечены за инициативы кухни с нулевыми отходами и приверженность экологичной упаковке.", "full_description": "<p>&Icirc;n 2024, <em>EcoEat Eastern Europe</em> a clasat Fiesta printre primele 10 restaurante sustenabile din regiune.</p>\r\n<p>Inițiativele cheie care ne-au adus această recunoaștere:</p>\r\n<ul>\r\n<li>Ambalaje de luat la pachet 100% compostabile din 2022</li>\r\n<li>Risipa alimentară redusă cu <strong>63%</strong> prin optimizarea porțiilor și mesele personalului</li>\r\n<li>Panouri solare acoperind 40% din consumul de energie</li>\r\n<li>Parteneriat cu bănci alimentare locale pentru redistribuirea surplusului</li>\r\n</ul>", "full_description_ro": "<p>&Icirc;n 2024, <em>EcoEat Eastern Europe</em> a clasat Fiesta printre primele 10 restaurante sustenabile din regiune.</p>\r\n<p>Inițiativele cheie care ne-au adus această recunoaștere:</p>\r\n<ul>\r\n<li>Ambalaje de luat la pachet 100% compostabile din 2022</li>\r\n<li>Risipa alimentară redusă cu <strong>63%</strong> prin optimizarea porțiilor și mesele personalului</li>\r\n<li>Panouri solare acoperind 40% din consumul de energie</li>\r\n<li>Parteneriat cu bănci alimentare locale pentru redistribuirea surplusului</li>\r\n</ul>", "full_description_en": "<p>In 2024, <em>EcoEat Eastern Europe</em> ranked Fiesta among the top 10 most sustainable restaurants in the region.</p>\r\n<p>Key initiatives that earned us this recognition:</p>\r\n<ul>\r\n<li>100% compostable takeaway packaging since 2022</li>\r\n<li>Food waste reduced by <strong>63%</strong> through portion optimization and staff meals</li>\r\n<li>Solar panels covering 40% of our energy consumption</li>\r\n<li>Partnership with local food banks for surplus redistribution</li>\r\n</ul>", "full_description_ru": "<p>В 2024 году <em>EcoEat Eastern Europe</em> включила Fiesta в топ-10 самых устойчивых ресторанов региона.</p>\r\n<p>Ключевые инициативы, принёсшие нам это признание:</p>\r\n<ul>\r\n<li>100% компостируемая упаковка навынос с 2022 года</li>\r\n<li>Пищевые отходы сокращены на <strong>63%</strong> за счёт оптимизации порций и питания персонала</li>\r\n<li>Солнечные панели покрывают 40% потребления энергии</li>\r\n<li>Партнёрство с местными банками еды для перераспределения излишков</li>\r\n</ul>", "img_src": "sections/tight_image/ChatGPT_Image_1_iul._2026_18_16_41.png", "alt_text": "Certificatul EcoEat 2024 și afișajul ambalajelor reutilizabile la intrarea în Fiesta Gastro Cafe", "alt_text_ro": "Certificatul EcoEat 2024 și afișajul ambalajelor reutilizabile la intrarea în Fiesta Gastro Cafe", "alt_text_en": "EcoEat 2024 certificate and reusable packaging display at Fiesta Gastro Cafe entrance", "alt_text_ru": "Сертификат EcoEat 2024 и витрина многоразовой упаковки у входа в Fiesta Gastro Cafe", "sort_order": 1}}, {"model": "core.tightimagecard", "pk": "88dbd75c-9801-48c7-8850-c18ba55c75c5", "fields": {"section": "ca8439d4-849e-4f86-87e6-5bb27336b6ba", "title": "Cea Mai Bună Cafenea din Chișinău 2023", "title_ro": "Cea Mai Bună Cafenea din Chișinău 2023", "title_en": "Best Cafe in Chișinău 2023", "title_ru": "Лучшее Кафе Кишинёва 2023", "short_description": "Acordat de Moldova Hospitality Awards pentru excelență în servicii și atmosferă.", "short_description_ro": "Acordat de Moldova Hospitality Awards pentru excelență în servicii și atmosferă.", "short_description_en": "Awarded by Moldova Hospitality Awards for excellence in service and atmosphere.", "short_description_ru": "Присвоено Moldova Hospitality Awards за превосходство в сервисе и атмосфере.", "full_description": "<p><strong>Moldova Hospitality Awards</strong> a recunoscut Fiesta Gastro Cafe drept cea mai bună cafenea din Chișinău pentru <em>doi ani consecutivi</em>.</p>\r\n<p>Premiul evaluează peste 200 de unități din Moldova pe baza evaluărilor clienților, calității serviciilor, inovației meniului și practicilor de sustenabilitate.</p>", "full_description_ro": "<p><strong>Moldova Hospitality Awards</strong> a recunoscut Fiesta Gastro Cafe drept cea mai bună cafenea din Chișinău pentru <em>doi ani consecutivi</em>.</p>\r\n<p>Premiul evaluează peste 200 de unități din Moldova pe baza evaluărilor clienților, calității serviciilor, inovației meniului și practicilor de sustenabilitate.</p>", "full_description_en": "<p>The <strong>Moldova Hospitality Awards</strong> recognized Fiesta Gastro Cafe as the best cafe in Chișinău for <em>two consecutive years</em>.</p>\r\n<p>The award evaluates over 200 establishments across Moldova based on customer ratings, service quality, menu innovation, and sustainability practices.</p>", "full_description_ru": "<p><strong>Moldova Hospitality Awards</strong> признала Fiesta Gastro Cafe лучшим кафе Кишинёва <em>два года подряд</em>.</p>\r\n<p>Премия оценивает более 200 заведений Молдовы по отзывам клиентов, качеству обслуживания, инновациям в меню и устойчивым практикам.</p>", "img_src": "sections/tight_image/ChatGPT_Image_1_iul._2026_18_14_50.png", "alt_text": "Trofeu și certificat Moldova Hospitality Awards 2023 expuse la Fiesta Gastro Cafe", "alt_text_ro": "Trofeu și certificat Moldova Hospitality Awards 2023 expuse la Fiesta Gastro Cafe", "alt_text_en": "Trophy and certificate of Moldova Hospitality Awards 2023 displayed at Fiesta Gastro Cafe", "alt_text_ru": "Кубок и сертификат Moldova Hospitality Awards 2023 в Fiesta Gastro Cafe", "sort_order": 0}}, {"model": "core.tightimagecard", "pk": "915f8a2a-835d-485f-9b4c-99b0b72ed75e", "fields": {"section": "2b761752-a0e9-4311-9f70-bf669ebf3893", "title": "Alexandru Moraru — Bucătar Șef", "title_ro": "Alexandru Moraru — Bucătar Șef", "title_en": "Alexandru Moraru — Head Chef", "title_ru": "Александру Морару — Шеф-повар", "short_description": "15 ani de experiență culinară în toată Europa, aducând acum gătitul de clasă mondială în Chișinău.", "short_description_ro": "15 ani de experiență culinară în toată Europa, aducând acum gătitul de clasă mondială în Chișinău.", "short_description_en": "15 years of culinary experience across Europe, now bringing world-class cooking to Chișinău.", "short_description_ru": "15 лет кулинарного опыта по всей Европе — теперь привносит мастерство мирового уровня в Кишинёв.", "full_description": "<p>Alexandru a studiat la <strong>Institutul Culinar din Lyon</strong> și a lucrat &icirc;n restaurante cu stele Michelin din Paris și Viena &icirc;nainte de a se &icirc;ntoarce &icirc;n Moldova &icirc;n 2018.</p>\r\n<p>Stilul său de gătit este definit de <em>simplitate și precizie</em> &mdash; lăs&acirc;nd ingredientele să vorbească de la sine.</p>", "full_description_ro": "<p>Alexandru a studiat la <strong>Institutul Culinar din Lyon</strong> și a lucrat &icirc;n restaurante cu stele Michelin din Paris și Viena &icirc;nainte de a se &icirc;ntoarce &icirc;n Moldova &icirc;n 2018.</p>\r\n<p>Stilul său de gătit este definit de <em>simplitate și precizie</em> &mdash; lăs&acirc;nd ingredientele să vorbească de la sine.</p>", "full_description_en": "<p>Alexandru studied at the <strong>Culinary Institute of Lyon</strong> and worked in Michelin-starred restaurants in Paris and Vienna before returning to Moldova in 2018.</p>\r\n<p>His cooking style is defined by <em>simplicity and precision</em> &mdash; letting the ingredients speak for themselves.</p>", "full_description_ru": "<p>Александру учился в <strong>Кулинарном институте Лиона</strong> и работал в ресторанах со звёздами Мишлен в Париже и Вене, прежде чем вернуться в Молдову в 2018 году.</p>\r\n<p>Его стиль приготовления пищи определяется <em>простотой и точностью</em> &mdash; ингредиенты говорят сами за себя.</p>", "img_src": "sections/tight_image/ChatGPT_Image_Jul_1_2026_06_06_42_PM.png", "alt_text": "Bucătarul Șef Alexandru Moraru în uniformă albă, aranjând un preparat emblematic", "alt_text_ro": "Bucătarul Șef Alexandru Moraru în uniformă albă, aranjând un preparat emblematic", "alt_text_en": "Head Chef Alexandru Moraru in his kitchen whites, plating a signature dish", "alt_text_ru": "Шеф-повар Александру Морару в белой форме, сервирующий фирменное блюдо", "sort_order": 2}}, {"model": "core.tightimagecard", "pk": "fe97351d-e78f-4abd-bf3b-c16c3cdc954d", "fields": {"section": "2b761752-a0e9-4311-9f70-bf669ebf3893", "title": "Elena Popescu — Baristă Principală", "title_ro": "Elena Popescu — Baristă Principală", "title_en": "Elena Popescu — Head Barista", "title_ru": "Елена Попеску — Старший Бариста", "short_description": "Campioană națională la cafea în 2022, obsedată de extracția perfectă și arta latte-ului.", "short_description_ro": "Campioană națională la cafea în 2022, obsedată de extracția perfectă și arta latte-ului.", "short_description_en": "National coffee champion 2022, obsessed with the perfect extraction and the art of latte.", "short_description_ru": "Национальный чемпион по кофе 2022 года, одержима идеальной экстракцией и искусством латте.", "full_description": "<p>Elena este baristă de la v&acirc;rsta de 17 ani. &Icirc;n <strong>2022</strong>, a c&acirc;știgat <em>Campionatul Național de Baristă al Moldovei</em>, plas&acirc;nd-o printre primii 20 de bariști din Europa.</p>\r\n<p>La Fiesta, supraveghează toate standardele de preparare a cafelei și instruiește personal fiecare nou membru al echipei.</p>", "full_description_ro": "<p>Elena este baristă de la v&acirc;rsta de 17 ani. &Icirc;n <strong>2022</strong>, a c&acirc;știgat <em>Campionatul Național de Baristă al Moldovei</em>, plas&acirc;nd-o printre primii 20 de bariști din Europa.</p>\r\n<p>La Fiesta, supraveghează toate standardele de preparare a cafelei și instruiește personal fiecare nou membru al echipei.</p>", "full_description_en": "<p>Elena has been a barista since the age of 17. In <strong>2022</strong>, she won the <em>National Barista Championship of Moldova</em>, placing her among the top 20 baristas in Europe.</p>\r\n<p>At Fiesta, she oversees all coffee preparation standards and trains every new team member personally.</p>", "full_description_ru": "<p>Елена работает бариста с 17 лет. В <strong>2022 году</strong> она выиграла <em>Национальный чемпионат бариста Молдовы</em>, войдя в топ-20 лучших бариста Европы.</p>\r\n<p>В Fiesta она контролирует все стандарты приготовления кофе и лично обучает каждого нового члена команды.</p>", "img_src": "sections/tight_image/ChatGPT_Image_1_iul._2026_18_09_05.png", "alt_text": "Barista Elena Popescu creând un design de latte art la mașina de espresso", "alt_text_ro": "Barista Elena Popescu creând un design de latte art la mașina de espresso", "alt_text_en": "Barista Elena Popescu crafting a latte art design at the espresso machine", "alt_text_ru": "Бариста Елена Попеску создаёт рисунок латте-арт у кофемашины", "sort_order": 1}}, {"model": "core.reelssection", "pk": "ee157d2a-79be-4ae9-aa26-2f4b562345b3", "fields": {"title": "Dăm Înapoi", "title_ro": "Dăm Înapoi", "title_en": "Giving Back", "title_ru": "Отдавая Обществу"}}, {"model": "core.reelssection", "pk": "959aff74-c678-4594-8535-716ce6361d0f", "fields": {"title": "Nopți pe Terasă", "title_ro": "Nopți pe Terasă", "title_en": "Terrace Nights", "title_ru": "Ночи на Террасе"}}, {"model": "core.reelssection", "pk": "b7172bb7-d017-4358-8788-87e3632b73f3", "fields": {"title": "Sâmbetele de Târg", "title_ro": "Sâmbetele de Târg", "title_en": "Market Saturdays", "title_ru": "Субботние Рынки"}}, {"model": "core.reelssection", "pk": "9c57c6ec-5a1e-46a3-9a16-5e354b3e5194", "fields": {"title": "Din Bucătăria Noastră", "title_ro": "Din Bucătăria Noastră", "title_en": "From Our Kitchen", "title_ru": "Из Нашей Кухни"}}, {"model": "core.reelitem", "pk": "0412a11f-1b85-4204-87ff-100e564f82b5", "fields": {"section": "ee157d2a-79be-4ae9-aa26-2f4b562345b3", "video_url": "https://www.youtube.com/shorts/ZDqo7XROuwM", "sort_order": 3}}, {"model": "core.reelitem", "pk": "07c05d52-3e06-4457-a8f5-8b6ea215cdd9", "fields": {"section": "959aff74-c678-4594-8535-716ce6361d0f", "video_url": "https://www.youtube.com/shorts/ZDqo7XROuwM", "sort_order": 3}}, {"model": "core.reelitem", "pk": "12be8bee-2828-4af7-a4bf-88e3ea1576ab", "fields": {"section": "9c57c6ec-5a1e-46a3-9a16-5e354b3e5194", "video_url": "https://www.youtube.com/shorts/ZDqo7XROuwM", "sort_order": 6}}, {"model": "core.reelitem", "pk": "1b555485-7c86-4ffe-b436-d4fd7025f4fe", "fields": {"section": "959aff74-c678-4594-8535-716ce6361d0f", "video_url": "https://www.youtube.com/shorts/ZDqo7XROuwM", "sort_order": 4}}, {"model": "core.reelitem", "pk": "22bd03c4-e495-4896-9ffb-46d816bf535c", "fields": {"section": "9c57c6ec-5a1e-46a3-9a16-5e354b3e5194", "video_url": "https://www.youtube.com/shorts/ZDqo7XROuwM", "sort_order": 3}}, {"model": "core.reelitem", "pk": "2e61f03a-2367-4ff6-b2c6-277bbfa1e4a0", "fields": {"section": "9c57c6ec-5a1e-46a3-9a16-5e354b3e5194", "video_url": "https://www.youtube.com/shorts/ZDqo7XROuwM", "sort_order": 4}}, {"model": "core.reelitem", "pk": "525155ab-acb4-4432-92b3-6040270f3146", "fields": {"section": "959aff74-c678-4594-8535-716ce6361d0f", "video_url": "https://www.youtube.com/shorts/ZDqo7XROuwM", "sort_order": 2}}, {"model": "core.reelitem", "pk": "563b8f02-02bc-44c1-86cb-989cc89f2d9f", "fields": {"section": "ee157d2a-79be-4ae9-aa26-2f4b562345b3", "video_url": "https://www.youtube.com/shorts/ZDqo7XROuwM", "sort_order": 1}}, {"model": "core.reelitem", "pk": "592c6c68-fd4e-4527-8efc-bee970cedde1", "fields": {"section": "b7172bb7-d017-4358-8788-87e3632b73f3", "video_url": "https://www.youtube.com/shorts/ZDqo7XROuwM", "sort_order": 0}}, {"model": "core.reelitem", "pk": "5aa71fa8-77e0-4ed5-8ea1-b960737d3bf7", "fields": {"section": "9c57c6ec-5a1e-46a3-9a16-5e354b3e5194", "video_url": "https://www.youtube.com/shorts/ZDqo7XROuwM", "sort_order": 2}}, {"model": "core.reelitem", "pk": "62373a94-615d-46c7-9ccc-3a4998a8c009", "fields": {"section": "959aff74-c678-4594-8535-716ce6361d0f", "video_url": "https://www.youtube.com/shorts/ZDqo7XROuwM", "sort_order": 0}}, {"model": "core.reelitem", "pk": "6b86f2db-b868-40c1-9a86-3630e74ead10", "fields": {"section": "9c57c6ec-5a1e-46a3-9a16-5e354b3e5194", "video_url": "https://www.youtube.com/shorts/ZDqo7XROuwM", "sort_order": 0}}, {"model": "core.reelitem", "pk": "708d7f66-2a40-44c1-8a2f-272cd9738d74", "fields": {"section": "ee157d2a-79be-4ae9-aa26-2f4b562345b3", "video_url": "https://www.youtube.com/shorts/ZDqo7XROuwM", "sort_order": 0}}, {"model": "core.reelitem", "pk": "86622d61-a3ac-471a-a8f8-cec330abf70b", "fields": {"section": "ee157d2a-79be-4ae9-aa26-2f4b562345b3", "video_url": "https://www.youtube.com/shorts/ZDqo7XROuwM", "sort_order": 4}}, {"model": "core.reelitem", "pk": "8af47d43-7dbb-4e44-a9d7-230ca451bbe9", "fields": {"section": "b7172bb7-d017-4358-8788-87e3632b73f3", "video_url": "https://www.youtube.com/shorts/ZDqo7XROuwM", "sort_order": 4}}, {"model": "core.reelitem", "pk": "8d37ceae-5b4f-428e-b9ba-6475fd11d542", "fields": {"section": "b7172bb7-d017-4358-8788-87e3632b73f3", "video_url": "https://www.youtube.com/shorts/ZDqo7XROuwM", "sort_order": 3}}, {"model": "core.reelitem", "pk": "9b6c8e2f-0290-4306-ad80-97dd1501737c", "fields": {"section": "ee157d2a-79be-4ae9-aa26-2f4b562345b3", "video_url": "https://www.youtube.com/shorts/ZDqo7XROuwM", "sort_order": 2}}, {"model": "core.reelitem", "pk": "a09681d0-5f6e-4932-bfe7-a33f6e89acdb", "fields": {"section": "b7172bb7-d017-4358-8788-87e3632b73f3", "video_url": "https://www.youtube.com/shorts/ZDqo7XROuwM", "sort_order": 1}}, {"model": "core.reelitem", "pk": "b654d49d-afc5-41f1-8444-59919781dbb0", "fields": {"section": "959aff74-c678-4594-8535-716ce6361d0f", "video_url": "https://www.youtube.com/shorts/ZDqo7XROuwM", "sort_order": 1}}, {"model": "core.reelitem", "pk": "bcca1c18-94b8-429a-ada7-71e9516cb1a8", "fields": {"section": "9c57c6ec-5a1e-46a3-9a16-5e354b3e5194", "video_url": "https://www.youtube.com/shorts/ZDqo7XROuwM", "sort_order": 5}}, {"model": "core.reelitem", "pk": "cda61d69-a6ab-4aba-a85f-edfb671cda0c", "fields": {"section": "9c57c6ec-5a1e-46a3-9a16-5e354b3e5194", "video_url": "https://www.youtube.com/shorts/ZDqo7XROuwM", "sort_order": 1}}, {"model": "core.reelitem", "pk": "d2901996-53e3-41a5-9b07-b19908207269", "fields": {"section": "b7172bb7-d017-4358-8788-87e3632b73f3", "video_url": "https://www.youtube.com/shorts/ZDqo7XROuwM", "sort_order": 2}}]
